order_id,payment_sequential,payment_type,payment_installments,payment_value
771ee386b001f06208a7419e4fc1bbd7,1,credit_card,1,81.16
3ba2d0012b1f34bc6ccbc31c4ba69f93,1,credit_card,6,60.07
96cc8c42014ddb42a775da9a45ae3f76,1,credit_card,2,203.30
79b63d1f9cf0257b33b04fbfb0847cba,2,voucher,1,76.90
ec5cf2317f5141a62836da8e71586eb6,1,credit_card,8,232.27
87276b621cf05e7f2afee8be6c9721b6,1,credit_card,8,314.21
332e264249f30a888b81bffd7a84e03c,1,boleto,1,131.47
6d0da5add693d625079fa8fdf40967d6,1,boleto,1,19.48
0fe66ba925b98652d484ad6af89402e7,1,boleto,1,230.10
f6cc5ac0be9196f2fb3db04bace5cd8b,1,credit_card,7,238.65
417b5687161450887ef2e6b283c15c32,1,credit_card,1,93.66
f13f5fdf45611c82c2e37a20c065ddd1,1,credit_card,1,115.78
f1c5e5967b0cd0144bd3b56958f7da43,1,boleto,1,90.76
85feadc22f532c19478ba1b613a1f40a,1,credit_card,2,173.62
fa3cc6b1b48c7b730f6c4c43e423c5aa,1,credit_card,5,674.92
bddbca2d48a961d74fe81de8febf9a73,1,credit_card,5,180.49
e4e3babab4d0f208cb6963df2458709d,1,credit_card,9,92.57
44d2ec7f124befc9d02cd313f1af14c5,1,boleto,1,142.69
4dfe2ddcd2de2e45fd88e8c6bae55901,1,credit_card,3,111.62
2e76a5ef63f6a5a14ad1de12b201dbd2,1,debit_card,1,79.61
eb54651b02b959e50ba4adaabeedfe80,1,credit_card,4,400.80
b231ac7a6c9bf6113ddfd94e6fec8cd8,1,credit_card,1,123.92
ac2a626df847783c310f77108af182ea,1,boleto,1,244.15
9b573950822247289cc283b3e30f19d8,1,credit_card,2,37.09
92cac19c19596022d13902b2908896ac,1,credit_card,1,75.17
a52c52c656d3b3ef3ec72fcdc13c714f,1,debit_card,1,69.90
4e78c8e6f00a4ca7409db04227837738,1,credit_card,3,95.64
b0687213cf67e3c3aa0fc89237bc79b6,1,credit_card,7,173.59
621ab070c6e1491f81eb9a8a8ccb0ea9,1,boleto,1,62.59
c1101a911387fc42d24230c28f75f016,1,credit_card,2,99.88
f28cf65c040ec0031234f04085debe30,1,credit_card,5,218.06
e348340be1b89ce72632697b8fb283ea,1,boleto,1,111.18
e26feee700e28b2867a3e8d6f2b644b3,1,credit_card,1,670.85
0c7ccdb239bd524a31dc66094fa59626,1,boleto,1,55.10
c711d7f26c4563f427379e7ed3bfdc51,1,credit_card,4,113.11
ba75b10a16e530cca75088408909b325,1,credit_card,2,104.21
f1dd11aa9f95d84fd072504f9e6e2f11,1,boleto,1,70.93
c40180549a3a3bdff8f27b84bfff14ba,1,credit_card,2,47.62
5ec4ec0bb9c63325c2a003b014c9b7b5,1,credit_card,1,28.79
94781b7e571ded2ff6f80434f6fe2a43,1,credit_card,10,1653.60
063009988101940b4392ba9b2f2ca112,1,boleto,1,28.20
0650ef96422834cca0cc7799efbf6307,1,credit_card,2,118.88
d16b2207d93383dc91aa5da54cec3d0a,1,credit_card,2,106.16
21577126c19bf11a0b91592e5844ba78,10,voucher,1,9.34
de55aaef46848b1f0c47093ba2430a27,1,credit_card,4,77.98
959736e06ddf68235a3bd98b1bf8edba,1,credit_card,5,95.09
16311a0494e6db86617bc4486d9f1e9e,1,credit_card,1,100.62
c6b9d35e4e9ddeeeeb374acaf98dbf2b,1,credit_card,2,176.33
f3a90b689fbd9cfa13d56d57dba508f2,1,credit_card,2,119.38
d9e98b1f6961932f22bf340d0153bbad,1,credit_card,5,254.33
c50a61769f40b372bbbd80499c805d9a,1,boleto,1,118.35
848ab881c02107858764faed825d804b,1,credit_card,2,381.22
823543bada3fd3a5ba1f68e7a35fb9eb,1,credit_card,8,299.75
8104809ce1b8fe36d8228fd0e357ebc0,1,boleto,1,113.55
12126a7699ca7a88dd86dd3f52bc8baa,1,credit_card,5,51.84
51abb20be6330420d4528fe527d3f90e,1,credit_card,1,86.73
a3965b3546bff7e3ec5e766fa6e8d865,1,credit_card,5,71.15
24e48a0c9fc1cfb4bf9ccfd3dfd7c984,1,credit_card,3,438.76
6f8026dc118f5bb6ff82b03e8eaae469,1,credit_card,1,68.22
52d737a419e3d5424beb6b55abd83bcb,1,boleto,1,163.24
87cbf27ac970c7423f11157c2ef6ec26,1,credit_card,10,307.69
cbdda7b3592588a17fa43ca6c7300e72,1,boleto,1,182.94
3369b9e1711af775c57b7ad52baf8017,1,credit_card,2,61.88
38d7ca365470a06bd907802a6a62d83a,1,credit_card,5,53.10
46944b54ffc20e22cd2792f7b7b12a82,1,boleto,1,155.77
3f695ee2567af0b169e482d825ec8e31,1,boleto,1,118.46
ad192211a3b7e6018ffdea3e5fef1444,1,credit_card,1,79.88
77ca435b03fbf991e5027e3776e37885,1,credit_card,2,60.69
33d6fae0e702308c1b1c332b45653b71,1,boleto,1,91.79
56ee0507f806ad1a079e2905d5beff09,1,boleto,1,94.31
cf96b3a15cf1f61c5398ae91f1cbd75f,1,credit_card,5,137.53
9656510a0f73952b9c305fe0bd264056,1,credit_card,10,136.04
4089dcf1cbb89bc02b04c143c7dab499,1,credit_card,2,636.46
966d900084ff48f38516ba0a9bd50cfe,1,credit_card,1,61.05
0bb4c390179e95dbed8944e735b7da62,1,credit_card,1,112.25
34479af2d143031f3a316ed407892b51,1,credit_card,1,237.92
4d2711a0db9f671c10f8ce62aeb438bb,1,credit_card,4,79.51
12fb2d2b590f7359e3b473456bd1ca87,1,credit_card,1,236.70
76a49c5fef54cb6ca3491709fbb1690e,1,debit_card,1,68.23
95d1d57cd27cd0857ef85f53ad2ed3b8,1,boleto,1,54.33
7f8ea9cfc45806c663bbb7cf99b530a5,1,credit_card,2,99.90
024a74550cdbd36c0fe3955fc9e2bcf0,1,credit_card,1,35.45
0b4129a3415a486e4965d618f9b5debf,1,credit_card,10,126.11
7900eb5f4c656f8e2b69ff8751a09e8a,1,credit_card,2,141.91
21577126c19bf11a0b91592e5844ba78,13,voucher,1,4.74
241b1a5ff1d152dc47bf2093ea154edf,1,credit_card,6,60.27
972e7938b32b93b78bf5faf4358ad5fe,1,credit_card,2,70.49
99eae747b45fb42516e46311533b3064,2,voucher,1,20.00
21577126c19bf11a0b91592e5844ba78,14,voucher,1,7.11
112e22ce5f700d2155befd89a15b4a5b,1,credit_card,1,46.76
cac1850fae99ea24a8186fad4db365bb,2,voucher,1,20.00
23878b3366bb97c4877f944c685fc546,1,credit_card,3,54.34
b1503f3f344c66cf0a3bdc1e2a6e3fcb,1,credit_card,2,142.30
ac046246a304e47bb50a9c923430aa55,1,credit_card,1,89.58
1265cc7a9988226b4abf1885582ceade,1,credit_card,5,54.22
7caa2aaed7e9a56d1bc1004eb7d296e5,2,voucher,1,75.50
c8e75378d45ac6daae73b7ff2d236798,1,credit_card,1,71.44
90baa6d3d361db0998df0ce29f002777,1,credit_card,10,132.08
2a9d70160f5851dffc39e01a5486fb62,1,credit_card,1,66.73
8b02a2a9b1ae5a5e5e840795cdc70fc3,1,debit_card,1,83.45
acb56e6695d371a1c50a34c38938277e,1,credit_card,4,120.18
20edc82cf5400ce95e1afacc25798b31,1,credit_card,1,54.97
8e7067b0751f4e22d4e31728a9a8323e,1,boleto,1,136.08
8dd212b37ef87381b34684de2200d25d,1,credit_card,2,103.63
8048d654b51cffc429b4e7121a23f7c8,1,credit_card,2,165.26
da19f73a444dea9507b737d32d8eef61,2,voucher,1,258.94
45fb3f449f9ca45f89ba2d2b062e495b,1,credit_card,1,35.40
3d0a2787777e731001936c8a443b22fb,1,credit_card,6,62.55
30a897c2be083ba0f419c5b2cc9ca368,1,credit_card,10,411.33
6aa3386e7cd429b12ab0c288acf52e41,1,credit_card,1,65.04
75441fa4c89fbbba02fa9fdfd5729595,1,credit_card,1,57.78
f62fdeb39023106b1bb98bee97a54a87,1,credit_card,8,164.29
f2a150c813c1eb96fd1883c1ed8fd9e5,1,credit_card,4,183.91
3ea37e479ca4fb57227d43b806c98174,1,credit_card,10,232.94
8f836421e8adb99ac1f8075c27949f7c,1,voucher,1,116.74
f5bdbbff47c740c2cca90305841220a8,1,credit_card,1,189.37
23e9f8ff4531eef8fbeb21efcf4ca260,1,credit_card,14,144.43
2829feee3f2a5c865f84cf4efb8df48d,1,credit_card,8,199.00
17a4db677e57484f24eb68217b8de4c1,1,boleto,1,975.05
74500bfc015eccf3d38f95558177b21b,1,credit_card,1,34.71
11104e15dc0997a6ba0aaaf449f51160,1,boleto,1,76.58
2b99bf6a37b3b643b24ca08289526f96,1,credit_card,4,44.35
5546e31c47b50234b9ac599f2f8c0061,1,credit_card,1,29.98
543208567174edffa48d4c3262b0343e,1,boleto,1,328.67
3521cc9e135966413d4c3eb1a212e19a,1,credit_card,4,224.94
7f8d25da9409167dba72ad951cb73530,1,credit_card,2,79.57
5d17efea0be94cdb2964031a1eab75dc,1,credit_card,4,150.89
922aeb0ac07d644471698222684ea285,1,credit_card,6,167.96
df5c6aca62db71fbe451c0408bde2817,1,credit_card,8,340.00
65a05062e11f3e5121cd0e0723bf765d,1,credit_card,2,123.56
c2dae969e4d48f3afc69a5503b48bed1,1,credit_card,1,59.99
e3143ad1af7d0f2878a66a1cd565e4a2,1,credit_card,1,48.04
ba9e135697c2fbf721ea10bb6d7c0d17,1,credit_card,1,141.73
f829f185f0ec92a117ee3d8c9e9ed19b,1,credit_card,1,33.28
469154149d5faa926f0c01971b89dae4,1,credit_card,1,283.96
687e2110fd453476f1c045ce5c1a6d3f,1,credit_card,10,144.40
17716d2598d1d7f7ed16fa9f05ab2f61,1,credit_card,4,47.05
aa9807c58e870fca0fbe582723264ed8,1,credit_card,2,129.32
dc771d8720de3625596eb0b0fa043528,1,credit_card,2,127.01
e51a8e1d0f0a0cc6eae0b605b53cf9ed,1,credit_card,2,131.01
5fc25db83662b2660bd61440ba3ec9b8,1,credit_card,4,181.76
54c4b0926f9b4aeb54164306d1374e8f,1,boleto,1,22.45
4d15fa859019443a04411eea14fe841d,1,credit_card,1,66.05
469abd917ae82adddc931bca94bfdf84,2,voucher,1,40.48
31b7099f02dfb1ef54bf9b3c44aaf417,1,credit_card,1,8.47
b77b82b683e9956ecdf55514de3d1f1d,2,voucher,1,27.55
0b16fcb0e3133c83e8c82ed7bd6ccb1b,1,credit_card,1,58.62
b00e398b9fedc8b818679422af47d3ad,1,credit_card,1,97.35
469abd917ae82adddc931bca94bfdf84,1,credit_card,1,47.33
91db217544d0eac98354b11f2f35abcb,1,boleto,1,67.83
9a768a8d504ada830b38d678f12d972e,1,boleto,1,37.76
715df31025aff2a2dd08b0d8c92ee63b,1,boleto,1,168.35
f6ca2b9e738276a523e65504634a762d,1,credit_card,3,169.87
ecd832254262868776a1381df4b0be02,1,credit_card,10,580.31
f8dc2e2efd79f135f2ae7b04e0d95985,1,credit_card,1,54.24
edcc020b94ba865d7254269e6cdca99b,1,credit_card,3,349.76
7bea83629cbad77571dcccb181fc2a6f,1,credit_card,1,119.93
db450aca52c200c9c1c1d9cf4dff0338,1,credit_card,5,54.82
d250f8e317f2d2e56ae505561a800dce,1,boleto,1,212.73
b0ff8e6a9bb47b224a599ff0c161006b,1,credit_card,3,551.25
50a2d9e8f28f577acd594ba29d58eced,1,credit_card,2,201.24
c36b4feac86d66f1ad82c82c388f187e,1,credit_card,8,296.03
c89639dcbe79b6451bdfa3143a968d57,1,credit_card,10,368.69
13f726430863cd4a81b6899e25010475,1,credit_card,4,42.15
79e843f791612177a6bb9f948f96f904,1,credit_card,4,83.69
97f3a84e96f9e837dae9f7e2f4570afe,1,credit_card,1,97.30
cb4468949989bffeeb1d3aa03efb25d0,1,credit_card,2,39.60
edcf1e1eeb52381be9388c90152be52d,1,credit_card,5,314.32
d1f7b8ef7a59b18de8df95b7b8073a5f,1,credit_card,1,24.87
02624f7cd7272b3e027320023dbdc99b,1,boleto,1,48.69
ba8a2682e4b170d1b0f4f3507c2dddc5,1,credit_card,5,58.34
eb188a175542057d90b3ca5628b7b5a0,1,credit_card,4,573.85
581e3fa3023c8c6a8a485e6f8e52ce2d,1,boleto,1,31.38
99ceb37bf4c899aa443147118a509e3a,1,credit_card,3,47.90
2b8707bd8d89fbfd17af1dc3373c2875,1,credit_card,9,97.74
d032dd122bc93c30a420b6ee101c7f69,1,credit_card,2,27.87
19f98c610ce8a9b866159c5db4784373,1,credit_card,1,121.38
b0e2da4433a10c624a9f71b187e93915,1,credit_card,1,109.41
6c51f58aa6e93a65c7002b68ba2806cd,1,credit_card,1,52.68
6709606f3773c59d8bed53c0d9bb614d,1,boleto,1,108.64
af8cd0ccf7bfb5bc0998744b1ff8c08f,1,boleto,1,31.38
3188b88d4562d627bf472b5a3655237c,1,credit_card,2,87.52
85031edc7b58dbec75ff2e24d7365e13,1,credit_card,1,30.86
8e500747ed0fbfd6b89bb11955b3ccbf,1,credit_card,2,20.28
4d16edc6146d11a43b18720cce159643,1,credit_card,1,91.75
36534fe142509f207606ad15c006b7dd,1,credit_card,1,102.94
79c697a71c6bfb37a4c83d238e695404,2,voucher,1,2.11
5feed08e8f66735ba71592e68d15a602,1,credit_card,3,105.29
73d68ef344ebda9bf0c80b7e3ed70e45,1,boleto,1,73.34
a01cc79e3afbac4a52ce1d528080e438,1,boleto,1,28.46
c9c0bd3b9db92cebece12e761bb8454c,1,credit_card,7,72.53
d15975c69a074c65aecad997cbc6b748,1,boleto,1,194.96
bf5df6110fa6b9de1ed64e327a25396d,1,credit_card,1,96.80
844b8b73a94f61b9ff8dc1e88c081365,1,credit_card,4,44.07
6a8677aeb56b8ee0d1a74e0435772e31,1,credit_card,1,183.33
7e85dd5c64bfd481355a0662f9f9f777,1,boleto,1,29.79
8cb407154874301be08656a7fb09d9d9,2,voucher,1,49.18
6da45c88a41888408e61bfe388d93f01,1,boleto,1,56.42
cac1850fae99ea24a8186fad4db365bb,3,voucher,1,20.00
99eae747b45fb42516e46311533b3064,3,voucher,1,20.00
a0d3f54307b8ea12232f5036ed0346ce,1,credit_card,1,217.78
036ea72a17833a6fbbcd3e4df8250292,1,credit_card,1,85.14
40bf40ed29a5bbdb73aaeb5eb134168f,1,credit_card,5,162.81
15d4f841b96cfb3f782523aa7a562b9a,1,boleto,1,33.00
98c054318dc270816f8357351ffc4449,1,credit_card,8,85.54
d72f1372279cc7f3656e8253e755ee79,1,boleto,1,85.31
2e95926835baa8ca4f74e2602a69a84e,1,credit_card,8,469.89
86af9599ffd64a39d743904daa8bdb2d,1,credit_card,1,36.84
11e22e541201ac67ff98e87193b4fc8d,1,credit_card,3,192.75
421b4ffa3b5162cfda443317c902f866,1,credit_card,5,133.42
2e612a3508e4bce75344e6bfb68f28e0,3,voucher,1,25.00
6f028ccb7d612af251aa442a1fb8b5d0,1,credit_card,2,44.31
aa649f102949b264d3d83c5c545dedfd,1,credit_card,6,64.00
c05002c71f007c6a4056ca538113e991,2,voucher,1,103.78
c8fe12f276a71635e2f929eac9d2d21e,1,credit_card,3,220.29
483802a1476e667f12dbac40c707809b,1,credit_card,4,215.15
3b8a6f4c963d2e04b3d7a0bb8dc84b6e,1,debit_card,1,51.84
c1f39bb1d57f413cc9d3086d546b3866,1,credit_card,1,103.30
f3d070c8b094a00980b59d97ff3d95ca,1,credit_card,3,34.09
971255ac71ca5ab5eccc94b177e081c5,1,credit_card,8,397.70
1508d47584249ae1045eb47cf1653ded,1,credit_card,2,98.22
4363ab80d1b250bca41ff7ed817788cc,1,credit_card,2,188.06
5935b70a1cae39b66d05db3bcfa4a144,1,credit_card,10,158.58
11052b4dd49ca81b1e7c63d562759b40,1,credit_card,1,73.40
50dca56efe42d2213549482d6a885d6f,1,boleto,1,226.23
ae348c74e571e34c44d0874b21087f71,1,credit_card,10,100.30
eedcf6db339a0b2ce303e615dceaee65,1,credit_card,5,233.94
24678bbf0564173279a1799d6bb11a7a,1,boleto,1,67.73
9d0516ad96d793d308cec3c5929ed649,1,credit_card,10,280.98
a678d97aa95d0393384c211a82455e50,1,boleto,1,24.28
4045e63d7fe9fce2f38928253adf5c2d,1,credit_card,5,253.98
273f82958d907705dde15be4062c6888,1,credit_card,4,40.78
93b74681985a4a11ca3b48be35576434,1,credit_card,2,120.68
4ee69609938fb96f9c99db9382d6069b,1,debit_card,1,88.63
f92af4956f690ebc9200d25029ce7c06,1,credit_card,2,138.62
2ea63ebcda77acab196880c1dfb295d1,1,credit_card,4,92.38
56286095ef8730771df8d223978236ed,1,credit_card,1,46.13
71119930004c36d94916e3674d12741b,1,credit_card,1,33.11
e7edc87c7e9b1ae5ef04110fba7debf1,1,boleto,1,550.17
8ef90bbfd83a3525620bc52b758b655d,1,credit_card,3,181.60
c45e4de164ec4d68c64e752d6728e249,1,boleto,1,209.12
eb6b32a82d2459d0ce7f2089f9eba0f2,5,voucher,1,19.92
5dcfd31ce05e7696a4c635cc256a0364,1,credit_card,1,64.28
759d3dd8671b3c60e168fbcef417a033,1,credit_card,8,155.70
a159f0d3b012cdad58464eff20f5a4ca,1,boleto,1,101.28
a9e698f2944fc17e406c624bf2ce9067,1,credit_card,1,123.45
b87287b5e32f2ab2319f41ce30055288,1,credit_card,3,100.24
2d4725d49513bce62ea366e8f0e213ed,1,boleto,1,150.47
776e5572d4969b8fa5b72b0fde398f6f,1,credit_card,4,47.53
0e053aa097eda67e25b3934ef3eca8a8,1,credit_card,1,218.30
46ab3e1c2c3eed0ed5bd72930759d25e,1,credit_card,3,31.75
74500bfc015eccf3d38f95558177b21b,2,voucher,1,5.38
d5b7a3030feb818d49d955a32425d329,1,credit_card,3,106.00
6c84c7c7fe25c0f6f1cd09e00e70585d,1,credit_card,6,146.32
eb6b32a82d2459d0ce7f2089f9eba0f2,7,voucher,1,2.99
aefe90553e50779cfa353170674e9d0f,1,credit_card,2,118.75
09c74db044dfe6e7f2a6b6a6750f36cd,1,credit_card,9,138.98
21a8afe0ed14ff28046585ae724b5410,1,boleto,1,87.65
28da718adba0d004199488ce3106152a,1,credit_card,1,96.80
21577126c19bf11a0b91592e5844ba78,8,voucher,1,7.11
d1a22a39de10a881fa47a509a1a9073b,1,credit_card,6,64.10
44aec9c2be37dd0f0b954562c94ccfec,1,credit_card,2,168.29
f67e17b84d5d476bc5478e79ed177a3d,1,boleto,1,40.35
b044b08867cd3b1d69a4b3c372321557,1,boleto,1,37.23
114b220ff080617e99d21cb8549b7433,1,credit_card,3,68.05
9e33d956d1112885d1ad919e54d05697,1,credit_card,2,42.66
171f303505168e746c3ba9dc70a1c1f3,1,credit_card,6,126.20
1b19e11d36f65ac8fb85d361d49096ef,1,credit_card,3,260.77
528b401a2474f3a33a3373be7a77a0cb,1,credit_card,2,105.53
3937b5e90887b4a6c5e4102865c4338f,1,credit_card,2,21.78
d884aeded7a463f237549f42945b729c,1,credit_card,5,51.00
dd0873e10bd3c63b350df2fb55bbbfb0,1,boleto,1,37.62
7cd48500c7fb8fb359e9b91fbb2a23e5,1,credit_card,2,73.34
1b2eb899988cdcc0c604910e20a76c5f,1,boleto,1,54.72
61877f26b314bbf4aef8f12f4cf0ed7e,1,credit_card,10,321.91
7e17bef0b77734da366177cd331ed66b,1,credit_card,1,38.28
f9d71ca22c3574cb50bd404950d12ff3,1,credit_card,4,120.20
208f186df8ea1fa4fa3d2672752e9788,1,boleto,1,138.21
eba72fc69b4d8bb6893e635895a7bbf5,1,credit_card,2,162.33
e55e8c9f6f33a8562db1430444f22092,1,boleto,1,58.43
388d683431db37774946413cbb22210b,1,credit_card,1,98.49
7d5ba597429574dce3200b4b20686641,1,credit_card,6,85.18
960de6b16b5ce4196d243baeb9d1a699,1,credit_card,3,178.44
7898dee2ff48e01ffb2b651e56d8b504,1,credit_card,4,204.92
fd7303a4968ffb3832a0bc5fca2d2b6a,1,credit_card,3,112.10
f05061f4489d31233011621bd07caaf6,1,credit_card,3,38.00
d6e3a9f9be1350d1e2bb6e25e8bfd05d,1,credit_card,5,99.74
6dac04f41aba0a18ba91cbe9779267c7,1,boleto,1,60.10
d49a2214238550c6f2fc4e5bfc7d92da,1,credit_card,4,47.51
eb30ff356b044cdd6749167b9690434c,1,credit_card,5,279.57
4abc7b5330425bcf9c2f7f48151a88c0,1,credit_card,6,144.39
31b82ff746d73aeab9bc070c10156273,1,credit_card,1,82.33
75e7e33e52d884da90b436ae1da13be5,1,credit_card,2,127.92
113035b11296fba96615d97215b9e301,1,credit_card,4,148.18
b83fe0e59b384422cac91db5d32e1835,1,credit_card,1,29.05
3908808de1bc14e2592cbdd80fd41729,1,credit_card,2,70.03
26a488b0eb7d46fb424069b683e98d9c,1,credit_card,2,77.84
86f409689bcc6848577f53fcfa1154eb,1,credit_card,1,171.75
d8e266265b5aa8df57f13a4fe58ee38f,1,credit_card,2,106.78
84f58fa486ce5cc8fcc701d211e80749,1,boleto,1,471.42
efbb2bc2e3c82743c650b6bc29a722bb,1,credit_card,3,40.39
385183082e6bcd8f81769fe274d3654a,1,credit_card,1,21.04
4e2a846769fc8af3af8b7826b058fe4f,1,credit_card,1,76.76
00143d0f86d6fbd9f9b38ab440ac16f5,1,credit_card,1,109.29
731f1b5ebfacba1715ccc2efb20d50b0,1,credit_card,6,328.17
8375044308874af1c50719ecaee3786d,1,boleto,1,70.79
152c657cdbdb6b803884cb4f691d17e9,1,credit_card,5,826.42
ca843d205ec288c96c0133bc678c44e8,1,credit_card,1,56.66
d51e56e6a1d66d3b91bf2334a386cd69,1,credit_card,8,157.25
c9a9cfcae27293ffcf7a40ce1e34f18f,1,credit_card,1,67.14
110ac0768c3e3a78e2937b1cb1ea3395,1,credit_card,3,40.60
21577126c19bf11a0b91592e5844ba78,7,voucher,1,4.65
e3dc8fab0cf7aaea9a75decd180dcd8f,1,credit_card,1,38.00
b7ada522cfb63d2f443ab987bd38c885,1,boleto,1,123.40
40237bfdaa849b45bb6dc75be63c3abf,1,credit_card,1,57.59
2dc82d1bd19ac194b91db9b17adc5a62,1,credit_card,10,245.19
a8a42525a528f4f3b6c343d8cfa0a374,1,credit_card,8,198.13
8ebbdbcc79e51da16021583a29f2ee21,1,credit_card,1,171.83
98e94d121fb6444de93e426ceeb1e0e0,2,voucher,1,50.00
9f33a39fe21aa7e49c58d5c16da393a0,1,credit_card,5,54.42
2ee6a55f531c6d9e507e1b4c7bb0156c,1,credit_card,8,84.36
6d6f16813fbb3448a034fc242a2603c6,3,voucher,1,15.82
2db84a082bda455eb1da10727e7ca621,1,credit_card,1,19.78
4cf7b60ee5bf3891424ddb434b261cd5,1,credit_card,6,1733.34
c22857ca01052cca0c4dea70902c5a92,1,credit_card,3,45.09
d84ce4acc4a19690d7a7b6f5df4d3023,1,credit_card,1,204.06
63d924357f70228a8bb5713b68d3b656,1,boleto,1,166.29
0c92ac263657a43f18927cc6392e3816,1,credit_card,2,96.10
5e9539c329818fcbcf5579c92a58501d,1,credit_card,1,67.44
9751ad9e269564b0b79cc17a82fe06c4,1,boleto,1,75.85
48fbeebc9d59b8f5b8c06d87af9626f2,1,credit_card,2,52.58
d379106e33d9ce768889ef816526d215,1,credit_card,5,100.54
8adafb3466daa5395694d3a906ff9d40,1,credit_card,4,218.00
cc798828f930d073a9b9592d56bd167c,1,credit_card,3,117.23
9cb00de5b638536df59a274ce43e811d,1,credit_card,8,88.41
da19f73a444dea9507b737d32d8eef61,1,credit_card,4,258.30
e67f76501c34f4adb5587ee50a6474c6,1,credit_card,1,85.85
aa57296ceb0b170f4823d71a06a43037,1,boleto,1,66.44
c35c0040e09990a95e79c617fafe8c10,1,credit_card,4,79.62
2565582c3ffde36251dbe19595831796,1,credit_card,5,161.37
4fb03ddd24b3d883bf20f5f196c53890,1,credit_card,3,42.58
b10818512d51945f6498d36b8de77c68,1,credit_card,6,61.72
a3115f34be015286911b92beba41be5f,1,credit_card,4,300.31
6a0ac163171ef70a5386eae45e6a799e,1,boleto,1,110.02
e269b2472c0546324acf4d09dd7acfab,1,credit_card,1,206.92
dd1bd072c709a5e654fd047560eba5aa,2,voucher,1,25.00
bb8efe90a4b9dc65b0b365ca7a94db25,1,credit_card,2,36.13
653fb84a9e7359c05777a5332a48a876,1,boleto,1,84.23
7cdb98b018309556c5994e4a200213c0,1,boleto,1,116.92
9c6091fbefbb76532f8a51939765c532,1,credit_card,10,344.64
969d3f02f498a3db8037e194ed29cb4c,1,credit_card,6,367.27
ddea5624735479277afba6faccdcc28c,1,credit_card,1,64.09
1222dd8e203987d55f99c5552d41746e,1,credit_card,4,166.87
b19b783be83450d0c4d0b92c5343a528,1,credit_card,3,30.27
3be5256ae9320c0c96853f3832dbd122,1,credit_card,1,31.38
220f16b082fb12df459a193b4bbf9dbf,1,credit_card,6,135.94
a0c1ac2d2b7ee099ba14b612a76b6187,1,credit_card,3,94.30
7678a9ec36abfc35527725816936da8e,1,credit_card,10,100.26
eb6b32a82d2459d0ce7f2089f9eba0f2,2,voucher,1,10.40
b52571bcd79c8d0e16272c548228a5a4,1,credit_card,5,523.98
421b4ffa3b5162cfda443317c902f866,2,voucher,1,187.75
1924c6aa8ef1e715f7593d5b36bc596f,1,credit_card,8,354.24
dcd05d9cb9629d8ee695cc3f2e030bf0,1,credit_card,3,121.09
f1fbc76b5a7cfbf5170cba46cbc93c24,1,boleto,1,163.92
f4c47c5163aecbdc7ce04fa55857b332,1,credit_card,3,38.00
742aea07dd8f1cc25098f44089301a0c,1,credit_card,1,48.28
89a7352733b3aeb0fc18bb034b52cc5d,1,credit_card,1,90.84
6b34444470c3f9256eb504e61edcd608,1,boleto,1,28.91
36b7b9c89099230dbecdcde16e84c1cd,1,credit_card,8,108.46
8705d42adbcd3182c575cdf862302836,1,credit_card,2,218.49
eed22f145a76fd4bb9224e927213dd25,1,boleto,1,129.42
c95f74e4997a96f046a9e40e4d8726de,1,boleto,1,228.88
a8b7b51948bf9deabad95734d8470c5f,1,boleto,1,68.12
a93cc6a86a64ca1f201b78f981adbc25,1,credit_card,7,149.00
aa3aed786cbca7fa2c6eaf17148c63e4,1,credit_card,10,319.34
438f4256ef380bc7d658773ed817a480,1,credit_card,3,63.34
37a8e5d9b2e5863960037179b26da448,1,credit_card,5,463.15
2dabb10146331fc98c0322801df870d7,2,voucher,1,20.00
ce5f998d724ed1ac61c890e33b24a33f,1,credit_card,10,187.43
615774e695ab140dcb5e1c0aeb15b9cc,1,voucher,1,92.19
e13c7d85f07a4e00c383115a154dcc39,1,credit_card,10,2207.98
d411b203fa5c4b8dee5012ebe23cd3b4,1,credit_card,2,198.04
efd626e6a12a82d76e456e34093f8356,1,credit_card,2,202.05
d54bea5ba90238aa83323565749538a1,1,credit_card,10,2264.90
62059211790cf7661fe10443c75e8f17,1,credit_card,1,8.45
d1a26dc0c31e929049044b86a868c08e,1,credit_card,1,51.34
9955a2f7fc38c1b21be304e49f22e58b,1,credit_card,5,94.77
6cf30e050336c50f368c34da13c9e6a2,1,credit_card,10,126.02
ffe4972089425f7752aad086a7fdce28,1,credit_card,2,161.23
21577126c19bf11a0b91592e5844ba78,15,voucher,1,2.35
53e7de93de0f500168f10be4d3ca4577,1,credit_card,1,60.93
f1d6313ed30c82ba1523aad41c60685e,4,voucher,1,16.44
aee4a272cfe5c5e7d83360d9ad2206e7,1,credit_card,2,50.85
54b7ba0e3a2e8a0f9f68011432a52575,1,credit_card,3,91.18
5e52347cf930a594b49921ee25d22742,1,credit_card,10,294.70
dc82732094ba2671604e8a318714bb78,1,credit_card,3,191.23
1f3a59c2916b7d2ec5fb039cc15ea18e,1,credit_card,1,26.61
666a7787fe64880d1ad7dad0e4988ab3,1,boleto,1,80.09
172587311d5d0329ae5a761bf6ae4c80,1,credit_card,3,39.60
9c867ee818c84d2be46a83abbfb13004,1,credit_card,2,122.47
4dd4745f66dc08de8b825edf6155ce4b,1,credit_card,2,64.23
6fec846920d64dd20cad8adb75d01e8d,1,credit_card,3,103.26
31995e0e4e63c77d8f5cf8970cd39a7f,1,credit_card,2,117.36
21577126c19bf11a0b91592e5844ba78,12,voucher,1,4.39
4bad794236d71eada0390ce3edb591fc,1,credit_card,2,78.62
3443b7575b141322b9be5ea9ba71188c,1,boleto,1,51.84
ac40627fa08c6c47cdb3648f3e14901a,2,credit_card,1,12.83
ed4a172213a7200e76de6bc76fc586d9,1,credit_card,3,235.69
444928c349bed18bd960cf50ac772e7c,1,credit_card,8,82.50
d7646ffe8fdd9e7d9557f9f7cbf04530,1,credit_card,3,78.54
316d34d7998d35ca148e02a9a5611307,1,credit_card,1,30.27
fe59965bfbf484aee4f2503efbd933d6,1,credit_card,5,64.10
d1f7b8ef7a59b18de8df95b7b8073a5f,2,voucher,1,100.00
7258f5b1cf840900c133d9f7192b7a84,1,credit_card,2,203.52
6d6f16813fbb3448a034fc242a2603c6,2,voucher,1,27.29
629bb9d04c91f3a7d95a5fe1432ce47b,1,boleto,1,103.33
f99c42cf20b64fe3dc045ae83e56f4e1,1,credit_card,3,566.00
ed0621902f725df643367f63deec991a,1,credit_card,10,165.04
641fb0752bf5b5940c376b3a8bb9dc52,1,credit_card,10,386.33
eb6b32a82d2459d0ce7f2089f9eba0f2,4,voucher,1,29.18
f1c86b9191896bcf9077ec22b6248153,2,voucher,1,41.95
36181ce9f0459af55f5aae302b4b13a8,1,credit_card,3,335.04
21577126c19bf11a0b91592e5844ba78,9,voucher,1,11.33
5322755defeb2e8863500740172a082b,1,credit_card,8,240.08
b43a195dd28616394e0209e0499adcb9,1,boleto,1,27.73
40a496e18a46349487b125eda0d0c288,1,boleto,1,69.90
4cc44db58430b3250f2ef264dbcc3b4c,1,credit_card,10,218.53
eb6b32a82d2459d0ce7f2089f9eba0f2,8,voucher,1,7.49
c99763ba8bcad2845131b6e9d2f203fc,1,credit_card,4,54.11
459aa8ae0e09ae140ba9f75c1f429524,1,boleto,1,60.05
1b151132de254c39a49f595684c80b41,1,credit_card,10,217.46
4ae41a4932898dbf49f39d10745ba16f,1,credit_card,1,21.29
40a601b71bfefbc0f6a7566b0d201fad,1,credit_card,1,30.12
874ebca0220c7586ef0eaf166bb83ea5,1,credit_card,3,169.41
63d8235747e25f4b65895e91ff64d778,1,voucher,1,82.87
cf8565a85deb141e6113476f67622a70,1,credit_card,2,102.17
c97b6271a445cec849420383547b34da,1,credit_card,3,108.83
9f9451274bc21055d9306c98eb7eb8f8,1,credit_card,10,105.77
7e030f7ce01972bbf5aeeadffe8f930a,1,credit_card,4,206.10
4a7daecdbb69d275f72866f7f8d00448,1,credit_card,7,72.21
15226cfb3e9f4ad163d09f493688204b,3,voucher,1,20.09
3900b88a922f66bc0aecfeb3807bec9d,1,credit_card,5,127.92
2d8929b98f4be1f692ab7d61afb727e7,1,credit_card,9,239.49
76149a98fb53f831f6aa676c3193ee0f,1,credit_card,3,75.07
67528c4b8b629d9cbb51da492c6a9ec4,1,credit_card,1,52.63
eb808f17e12419314395e5309b23258b,1,boleto,1,100.34
6f7390ae95a89ea985e0d81b189e96d5,1,credit_card,10,297.99
139f1705692cf6f0ea124350e5ac47de,1,credit_card,1,56.88
ded4e6e4d721200bd599d81e5b29901f,1,credit_card,1,165.78
6ef48857a65c0db78e1cd9e0accbd55b,1,credit_card,2,86.61
7f64d5e4a277230448eebf7956e29706,1,credit_card,1,35.00
b645d720bd6caa9606b492b81c3f537b,1,credit_card,3,104.56
54a845f5cc0d3691277e4adfebd4a5bf,1,boleto,1,66.01
d11fc5b9e5bf7a0c4ce41b04a59f0154,1,credit_card,6,353.30
0d4947e726ae3959a6cc28979ab632a2,1,credit_card,1,34.80
8378137868c479b948c8712cac81f79d,1,credit_card,4,219.63
10870ce1b8fbb2c59df2c544b74d1b54,1,credit_card,5,719.65
3337a984417a1c95241b5f47acb33720,1,credit_card,2,61.84
d0e7875fcf8fa009f5295ad397fc7e18,1,credit_card,5,116.01
947b612f269cbbdaa438d55bb70f1baf,1,credit_card,2,164.34
76c4c846aae2dae9e87dfa492c3f5259,1,credit_card,12,435.96
615cc334a44e9fdc646ece2bd6de2c26,1,credit_card,1,37.29
d1373152bf63d51168f41cbeba3663a8,1,credit_card,3,260.00
8cb407154874301be08656a7fb09d9d9,1,voucher,1,81.34
66fc85fce01ca94d68a669ad2f78c035,1,credit_card,1,58.41
4cf65f650cc60791bfb99bbaa418faf9,1,boleto,1,66.53
b5628337dad9ae1f38266f0e22fdae4a,2,voucher,1,100.00
5ad82a9fb12ff34f8883ccfaddf3da4f,1,boleto,1,125.56
f536792a13716fb94028f1c59984763c,1,credit_card,6,66.96
1087ede9a334cc652bfecf7e944aad0b,1,credit_card,5,100.82
13fd61236a6baeb00aba9df344275a78,1,credit_card,3,38.01
c7820995dbe03c41044d23a03179a74e,1,boleto,1,99.42
4461758febf28f20a599646b502ddbec,1,voucher,1,72.18
79c697a71c6bfb37a4c83d238e695404,3,voucher,1,9.71
f19b9413f2deb98fbb76c8f57ca52a95,1,credit_card,1,38.30
d263c89354a73314488491185858af42,1,boleto,1,35.95
225e39ca6a487e0cdd5c97dfc57c92ff,1,boleto,1,119.34
3a5f9959785e2cc88b4618dec84a5834,1,credit_card,1,60.77
2e612a3508e4bce75344e6bfb68f28e0,1,credit_card,1,71.50
2463279edadcaf575a27466ac0030f67,1,credit_card,1,45.39
e0c8a0e62ecd027577c1cfdb38c8f1ee,1,credit_card,8,166.40
8b7d4b3e8eca5cae93f948e0d7b67406,1,boleto,1,139.46
21577126c19bf11a0b91592e5844ba78,11,voucher,1,3.32
3c21823fb08a6a2ff770877efffb1c1a,1,credit_card,1,215.76
5a91aca4cab56a1119249a6ab5d41318,1,boleto,1,172.57
8040ee89b88d6ea587b51b55dbfb4dc5,1,credit_card,3,87.64
23169ab372b70385fcc9668d29aad84a,1,credit_card,6,66.99
7db6028d54d5921d79f3cb2b95e63a73,1,credit_card,8,167.14
7fece9c7487cb93f6d37df78e2283d07,1,credit_card,4,146.38
b779a9b1774b12944ab77d39b831f151,1,credit_card,1,74.10
3cba7817e430400056f23107daafd6a9,1,credit_card,8,103.28
a54dca1918f3c9eaa16ac953a5d8c9ba,1,credit_card,4,42.77
b883943a11a0c834424c7bf9bfea8b88,1,credit_card,8,236.00
199b954f78aa6406855014a9a935ef5a,1,credit_card,1,87.96
dbd8e1a6d62bae210e6a42ed8bcf8d39,1,credit_card,6,70.49
722e7452a1ac677a58f6ad6ed2a94420,1,credit_card,1,61.10
a70cbddbc05271b2103fdd63f37034a0,1,credit_card,1,69.14
a144aa25d9d14f25ee9f3ec4118e5517,1,voucher,1,68.46
9c3a601d7089e5ecff0515e743748165,1,credit_card,10,162.77
83d5a4507ca3b740b2e4642220ebd8d2,1,boleto,1,45.95
5d79b555805a2c67a647b4f2ed28891c,1,credit_card,1,105.01
b022357c03da2d91ba22d886af2c83a5,1,boleto,1,51.79
36b8ca63eb9822b5f68630749ff70e32,1,credit_card,5,54.33
df413df02c32f319cb51828513261aff,1,credit_card,10,183.18
f1d6313ed30c82ba1523aad41c60685e,3,voucher,1,20.00
d9d6038fc6b49e88d43af0a6d43f0846,1,credit_card,2,274.85
726714fe5c6124b8501feb36c5b89896,2,voucher,1,12.78
b986ced186e623c3fa979ee09cb4d300,1,credit_card,3,197.05
6016370c0d4a0da9c57394f85d9d11d6,1,credit_card,1,38.09
3f53ab479c257a4c6c027d24e4a2ffee,1,credit_card,6,62.78
7caa2aaed7e9a56d1bc1004eb7d296e5,3,voucher,1,35.62
47c1158d35b8d9f0453d5f2ddbbcb3b0,1,boleto,1,73.50
0818699476819463109688475b808343,1,credit_card,10,2607.09
08beae16754b76c55e9f49c7d4d138dd,1,credit_card,5,102.03
3e4c1f31ec362fab325d2bd1201a7c0a,1,credit_card,1,87.33
2a6ec88bef2eb4c5e4716b26406ead0b,1,credit_card,1,321.90
1feae53afbeb20695102145770b6037a,1,boleto,1,144.72
a030d3d4fe79a482fd66cb2205cdd0df,1,boleto,1,58.16
62005c92ae50253cbafc90c07cf33d2e,1,credit_card,1,30.41
7fefe32e6b0c87d855993ac5dc8dd951,1,credit_card,3,157.79
97190f1266ff922bc8bab1fde79fbec0,1,credit_card,2,221.79
05bf7a31e9d3eecf93db6a8e4508ed8a,1,credit_card,1,54.84
32ce9ea2719c8dc55fe5890c1143c60f,1,credit_card,2,114.35
cf8ba6c5f0ac149f8e8f55217c47e967,1,credit_card,1,769.34
a45c1f10d2a3a9e829ea9125e9e17aab,1,credit_card,1,51.40
86b6e717cea86f8854d74e5b1df23e95,1,credit_card,1,63.87
cce2ceb2a8ee779a15975a90e6063cab,2,voucher,1,23.90
993b2e3062c079f457a10aa536f9ca31,1,credit_card,1,86.15
9d241238f3827aced623154ace551dd9,1,boleto,1,164.66
7533138abe254f5d3856101e4a21e5f2,1,credit_card,1,68.53
0f32b97a3ceaa816f0ffa6af3ca4e0d6,1,credit_card,5,1192.04
d98fa029a1d4f7a477678c66f0a5d780,1,credit_card,4,244.65
bcc4d7b9422f45610ec4008b5012e842,1,credit_card,2,102.64
4a99025f5af0af1eb1b6602980ae4a82,1,credit_card,8,196.36
99eae747b45fb42516e46311533b3064,1,voucher,1,20.00
cac1850fae99ea24a8186fad4db365bb,4,voucher,1,18.87
cac1850fae99ea24a8186fad4db365bb,1,voucher,1,20.00
be69ded8b4b06a199c55fa74d7de978e,1,credit_card,1,81.09
eb6b32a82d2459d0ce7f2089f9eba0f2,3,voucher,1,16.11
76c077c302894d52a9cecbb6bc322b24,1,boleto,1,110.30
b77b82b683e9956ecdf55514de3d1f1d,1,credit_card,2,32.10
816a46a1473af18688a832b10acf062b,1,credit_card,1,34.17
ee24a4c9f2a2d7aa315838be51c92fd2,1,credit_card,8,169.50
eaaee645b1c3232e02feea76ef993a9e,1,boleto,1,85.14
3d7264091d686b71e3250b37f6ea6f07,1,credit_card,4,80.20
85cebb5f41967daca44f7c7883856f96,1,credit_card,1,147.88
35147acb423f303e15d12cfa60292799,1,boleto,1,37.13
82984749eb983f9f558a003b3fc693f7,1,boleto,1,36.00
dd1bd072c709a5e654fd047560eba5aa,1,credit_card,1,5.10
153fb90c16a95a3c0ea6cc48a1a4069c,1,credit_card,8,126.31
8c17e98f67708928c1b03bb705c14b3e,1,credit_card,3,191.13
c803c517b7b4203209bc317a912728e4,1,boleto,1,55.78
a5519d2a4e5aaee48134163456803e4c,1,credit_card,1,45.11
3a77992e9af4cff3d2b7bffa8f0597bd,1,credit_card,1,54.09
141d7ee98d9a50269f84d9a3c5330cba,1,credit_card,1,38.37
b33c9bb2caa1d2b9f219b70f6dba7dce,1,boleto,1,110.33
4b25b8fa39f9cbf4b728426f6b09b1aa,1,boleto,1,112.71
6d6f16813fbb3448a034fc242a2603c6,1,voucher,1,54.60
a79cb797abc143a743a29342947938f1,1,credit_card,1,66.67
0aa1d9509ae8e0c76c03ad7ba91dc81a,1,credit_card,4,180.27
64a484ba398186acb5cc014f8c5d1de9,1,credit_card,5,74.07
d37320918ed46f4cd29a218da930fb0c,1,credit_card,1,82.08
27fb2154c341bbc730063b1d16844616,1,boleto,1,220.04
981222fe88bbeab39c6ca1fa7bceba4c,1,credit_card,1,104.37
1dfe1249fb9a3871f918c37f1e5f68a6,2,voucher,1,41.03
5fb801bbd0a3376799e6d3a508f845db,1,credit_card,2,206.44
bc3fdb57bf20b2ce17d66ab9750415ba,1,credit_card,10,827.30
0fb2bd6c42efa12c5f32ee37e5f9fd34,1,credit_card,6,79.47
341cce59fc24a0f0cd59c5f25282b1ca,1,credit_card,4,113.08
60762802b48bb6d256d55b013d115013,1,credit_card,2,263.93
15226cfb3e9f4ad163d09f493688204b,1,voucher,1,25.68
69583cd28b004d804a6d819b11c8725c,1,credit_card,1,28.29
2695c625c0969a576dfa8a6888fd04cd,1,credit_card,1,67.13
d470b00bc3d705453cd02a793aaddb07,1,credit_card,2,174.89
5eeac31e1838a5a8563b9d111cd09a5d,1,credit_card,10,138.89
db70f8a5634ca9a20586be3dec6ad653,1,credit_card,1,95.87
e44ab38a09c7c1c8491ba831c5527914,1,credit_card,8,85.14
cfe2129968372224ea392ad47c0d5b02,1,credit_card,10,222.80
42d0d6be3900c1f50190096f216695b1,1,credit_card,1,240.13
c32264206a3adeaf75964372f602b40a,1,credit_card,2,94.53
a9fff775c01f5c2af9b79817fab57cd3,1,credit_card,4,62.42
b31c6094960eb242c3513d619998cb6d,1,credit_card,2,72.14
816d5d441d23818493578fb1db0a22ad,1,boleto,1,57.97
8dca7901c45e1525ad654814a7db9eea,1,credit_card,1,264.98
1f58529a06e9f7c89e20ca450f51a5d3,1,credit_card,3,76.09
21b0a5108bb56f3391fa2db965e76bd0,1,boleto,1,64.87
a15fc4ce7d1b1cd6ec005a2f267758d8,1,credit_card,4,183.92
668ae620ba2e85139d3707ad58062d4d,1,credit_card,4,42.69
ad87776df87aa84719c1be3456cbbf4d,1,credit_card,6,67.22
01bc343311e5b8090b64d6ab287a5cf0,1,credit_card,3,74.18
e884a5f13002803a9e393c21d0c1b257,1,credit_card,10,128.01
45b8bb0bfeacbf5aebe4c3f5cbcd2b06,1,credit_card,1,73.58
f1faa948ad7764d64dff89bdcd2b88fa,1,credit_card,1,74.34
06d5cbe68295558fd6c48998db3ea397,1,credit_card,10,152.62
e1bf61ad2edc26abb98c7d7f4a8dc47c,1,credit_card,2,407.74
7d666b83ead768ecbc15773ef8ef6c42,1,credit_card,3,58.28
4e1bb70e4b6fb08b9ddb86c7ade82354,1,boleto,1,92.90
81134c0da031fc1208ab4376cb3f384a,1,credit_card,1,29.41
57665b3fb0f04270d6b333c9d1f80a61,1,boleto,1,41.18
42653d5c4df9e26fb929a370f55ee092,1,credit_card,4,45.50
b73939058e5490167b4c069d941208d9,1,credit_card,10,254.52
f26fa27bb0f1337c570d70e32fc2e413,1,voucher,1,13.73
08fb5d31021fb887ce4ab33b8cdb804e,1,credit_card,1,63.77
98c78522be2bccf4c3948451a1c463f8,1,boleto,1,67.27
69aea24ee3243d0535ea6e03789bb5fc,1,credit_card,5,85.55
6455e8459efbeeda59bb360229b889ea,1,credit_card,1,32.42
87a831a955e30fb081a9e79b0c39573e,1,boleto,1,107.45
1e21edc6c6810b5779fa6685c82a6a89,1,credit_card,2,374.95
6ef2a7cbf8c6fb24f0acb656c756a44a,1,credit_card,3,137.99
30fb13279028a5d1ebc47f8ace9b041f,1,credit_card,1,105.97
3ca18df2135c0a2602ea7d0e9bf8cb03,1,credit_card,1,19.64
d5ca15179b0ee9c4d3720776ad896416,1,credit_card,1,72.72
79b63d1f9cf0257b33b04fbfb0847cba,1,credit_card,1,29.77
dc2b85f0ddea6ef19805bc5d4d599c53,1,credit_card,5,94.55
31b7099f02dfb1ef54bf9b3c44aaf417,2,voucher,1,72.35
92f77906d8fcaa454fff43e1882deb01,1,credit_card,4,124.52
57db9f1b9ba0b6c4abcb4eb40e83c182,1,credit_card,4,96.55
dad4408fb39e21cd4dd146ccf6c9d621,1,credit_card,5,284.54
1cbc4deb78977f04e2e3c262a613abc0,1,boleto,1,62.44
efa6ac6564b5e0edcfd63b95f47d8737,1,credit_card,1,83.75
1ac1cd9823b09ef5a14a07fdac1aee94,1,credit_card,3,174.04
31daefda0897759a2dee9729dd9e057e,1,credit_card,1,67.35
44ce6def1c74186615c88a02d09abcb2,1,credit_card,6,109.16
42a64eac09d0a6be5a307753093d45e8,1,credit_card,2,112.14
57c431e8bf97cbdd79ba45fe58ea98d2,1,credit_card,2,193.46
744dddb0362cbcb141adaed27f19cb3a,1,credit_card,2,96.20
46b7b64f475329c65fb18b99c7fb373b,1,credit_card,7,76.66
62059211790cf7661fe10443c75e8f17,2,voucher,1,74.70
fdaf0fd938efa36f6b32471ef6b7e63f,1,boleto,1,34.10
506fad0fc79d02f8f890d91eeb9fddf5,1,boleto,1,82.98
2c1a2f921c5be4edef5b3cc5f8e79477,1,credit_card,3,73.27
7b2bc7c55531623ea7b22e2a191b21cd,1,credit_card,4,237.59
eb6b32a82d2459d0ce7f2089f9eba0f2,6,voucher,1,12.31
583778f2a1b6b016b054423277086598,1,debit_card,1,84.23
bf4f937c279d6f44c375450523ee9383,1,credit_card,2,129.22
5971f2b65e9c6f58aca350ec6674905d,1,credit_card,1,43.17
c4a8083dac0f37da8bdc5db37c89bdcd,1,boleto,1,100.52
6bc8a792b7a78b27d3036a8d23b0ad38,1,credit_card,8,111.72
44bfe9e18e3f1f25344d2bf7243bf2f1,1,credit_card,5,58.64
69bc60eaf6ebaa60161426acc2dc5fb4,1,credit_card,5,59.84
354f93e9f4da886ed48d1add590d8d37,1,boleto,1,122.06
df906ca18e91f3bf9c6f0c2a41d54a94,1,credit_card,2,143.93
9ac9cdfc539eaa872e8d0c652d660e6b,1,credit_card,3,179.24
15226cfb3e9f4ad163d09f493688204b,2,voucher,1,36.80
475daaf912c5d6077ae695875f9e02dd,1,boleto,1,48.69
210be0ac0c8d9589654333e9370c6480,1,debit_card,1,35.68
ff67a8af06a0fd9a0493480efccf9bda,1,credit_card,1,33.09
4e6d546fa72049694bdc912c60fc4953,1,credit_card,1,88.08
9bc38db4ef1d6f4fd1844e03b30b843e,1,credit_card,1,37.77
2d9d63715c81835d6114d3f608fd9f1c,1,credit_card,1,65.05
032de52b21013e176ee997c8f210dd66,1,boleto,1,65.10
2ec51579f21b9d6da3f417e7ccea378d,1,credit_card,1,137.73
1fc1b67424adbd232ce0356571679bfd,1,credit_card,2,104.38
b0247f256d2486d4cb5f3bf93dd84eb4,1,boleto,1,221.13
63252822ecaf7648b1528bf6b64fd25d,1,credit_card,1,77.16
98e94d121fb6444de93e426ceeb1e0e0,1,credit_card,5,191.93
0ac83eb5438f811c9d825c0a059a0f28,1,boleto,1,165.80
1aeb6136411ab7da012863ac27055dcf,1,credit_card,2,26.84
b2177e0904af2bc1e3ab8e1eecd2e90e,1,boleto,1,741.73
e0942435c7d11eaa9417d35a47694b1d,1,boleto,1,56.69
817d88483f5ef3f2c934506d7d890888,1,credit_card,8,117.75
faa4ccbf5f173ece3de4cc37664ece62,1,credit_card,1,64.77
03ee28c413aaef04d718e00ed85eb678,1,credit_card,1,66.13
21577126c19bf11a0b91592e5844ba78,2,voucher,1,7.92
8781fc46d9d2a051c66e619d005a4046,1,credit_card,2,113.48
dae97a1f0f8cafc4d646231f0d04fd88,1,credit_card,2,62.59
0664199560952a51d76e1ccdadbd2cb7,1,credit_card,5,101.14
3081ddf6e7c6afa4e4124e7882486fcd,1,credit_card,3,198.68
8279b5df6e66fb0dfddfc8a4cd10471b,1,boleto,1,917.73
1f453524ca7946b73a175299b82a66c0,1,credit_card,6,157.42
2d48a0bfbce1c7340ddc2571ed138bd5,1,credit_card,3,68.13
2d801e3f807fc361a71d5ff6da62b2fe,1,credit_card,8,227.14
a3c299fda1b92fa41de80b43ecc70ddd,1,credit_card,1,136.92
9e409207a4bcdd6d56800cf4e2e85245,1,credit_card,5,112.12
0a6e242b5cf18e140304453da637866b,1,boleto,1,57.63
8b8db8c79ea533bc4bfb2b5c854f552d,1,credit_card,1,72.53
f4acccb08d320d53aaec17225c6c7198,1,credit_card,9,96.93
42aaabf39b810fa0a3390fe791dbb880,1,credit_card,3,310.10
e1621bf755f6bd6cd7a8969768f6b2d6,1,credit_card,1,45.53
cce3f49cd454ef2ad2924bc694eb1df8,1,credit_card,2,93.48
411753995b9d6dde2c840f9b96ad946a,1,credit_card,9,91.66
0f8ea8bf70adb55dcc5f8501984138ca,1,credit_card,3,73.56
83cbab9daaf549182de4705ab0ca54ed,1,credit_card,3,218.26
65a56537a4b967ab349287b7c0229c07,1,credit_card,2,60.44
775bebf68a82c7b530c362d8fccb5ccd,1,credit_card,6,238.25
4bb6e6f5af26e1f5951d934386615406,1,credit_card,4,94.74
a6ec65788794fad0fbd2e2839c73fff3,1,credit_card,4,105.85
ab6d00347b9055691972ac20f00df77b,1,credit_card,2,142.56
f1d6313ed30c82ba1523aad41c60685e,2,voucher,1,14.70
de7160c97baceae5b576f3266f6b5752,1,credit_card,1,268.81
77e14af3a32e9b3c2eefbf56eac92cc6,1,credit_card,3,39.09
69140db0db6aff7d50eb3f0e8c8a5016,1,boleto,1,112.85
fde8ba9ac93d634f0221d048bae1dcf3,1,credit_card,8,262.94
21577126c19bf11a0b91592e5844ba78,3,voucher,1,4.18
92c5e555afe0fddf3e8e4ae6baf2fe68,1,boleto,1,51.84
e90ec4b6b234181833371ada5474c96b,1,credit_card,1,95.76
5fbf3a364c57e553f502c5ee2a388da1,1,credit_card,4,63.10
dcad23c1f8ff76266e355d173380b1eb,1,boleto,1,143.49
b0ba32a79f83ef1ae43216095e1c9ab8,1,credit_card,4,40.52
32a1deec544b7ad8e44ba2e87dfae1a9,1,credit_card,4,106.14
a49dc0169f9bb6d3ac9829bdebd12299,1,boleto,1,78.64
d170580dfcd364efdb0c94f51bac0fc3,1,credit_card,2,150.04
561cdd2accb4b96049e2f85972d8bffe,1,credit_card,6,870.11
cf774fe62d37125e7b9638ef68f872b6,1,credit_card,2,72.83
ee5f9143bf6915bc96a42c0034fd46ca,1,boleto,1,88.08
8dbd69de4c9ba7ac0f46c387f0e67ee4,1,boleto,1,35.13
43e13541e43361e50ca0f4f18e4a4863,1,credit_card,1,55.62
0eb80d59f694ad72634241a02599f64b,1,credit_card,1,55.29
d1ea55f7318ed68dab3622af81e15141,1,credit_card,1,65.00
cce2ceb2a8ee779a15975a90e6063cab,1,credit_card,3,127.84
4759dc5cd30f8e283de04872dd5446cd,1,credit_card,4,89.36
f845f1fe6a0c9e32eb740bdcc4da2aac,1,credit_card,1,243.01
2148d1d6458e2aed4af9ddd978c48ac3,1,credit_card,8,182.66
e6e3ea418f0f343e88a3dc62eaf24699,1,boleto,1,60.88
62473d4e38d5bc1cbe9ba89c2e552183,1,boleto,1,68.43
6dd1bbd09d930c58640b49ba57069186,1,boleto,1,163.68
f637db9f107a517712822ef3c44024aa,1,credit_card,4,40.22
ed130bb10da75cd0720fccd02487fed4,1,credit_card,4,222.42
8cf0f8036fecc83aff5f07f4b5a4db55,1,credit_card,1,139.80
125b6d6d69726457c31530e0fae8ff38,1,boleto,1,180.25
6b75c3e52a1fb04bd0b4f1975febc486,1,credit_card,2,48.19
ed159f7220fe49164a43fbf4fe3a15d1,1,boleto,1,42.51
3b0d3aa4a3663e2dfe9db5717d70d5a9,1,credit_card,1,57.43
6abc9d4c7489e1be689ad1f068af8c31,1,credit_card,1,32.62
b46846b45a07d12a5553a67d4320ba61,1,credit_card,1,71.37
21577126c19bf11a0b91592e5844ba78,5,voucher,1,4.18
dbaaa77999c0f5d953d543efe0f080f9,1,credit_card,3,35.31
a0ef346fe1ea82e048e965ab6c20623b,1,credit_card,1,798.02
eed14d209dc537c9d99afb938efb2c0e,1,boleto,1,82.51
2f8eea85236019981baf4408c9123ff2,1,credit_card,2,105.85
d69e5d356402adc8cf17e08b5033acfb,1,boleto,1,163.43
df49de84ab3bc9177615784feba35c12,1,credit_card,3,36.05
0ad9d4e4f4c9746b59ddb9c18d30d241,1,credit_card,1,151.42
62b2ed9f26108431f257836ea0139fd2,1,credit_card,1,34.66
0944dd6401b58739dc030557fb149b25,1,debit_card,1,62.00
96e080e0b5e48d6beb4a7faeb056f5ac,1,credit_card,4,43.27
21d84fdbaead25cecf565df87958cbb0,1,boleto,1,195.12
4a2098244c1910e8e9e9251e2e5faa2b,1,credit_card,1,72.00
270f5a5025de7523edbc65d690647f33,1,credit_card,1,316.30
ead4a4f0272fc900657829676e8d963d,1,credit_card,1,27.30
ceb7321e8e4db328b230a89f90e72014,1,credit_card,3,83.57
33862e8df33c7f4ce5d1c0142de3cf0e,1,credit_card,2,209.21
ab46b23c27822b224f0e2fcca0f25e63,1,credit_card,5,289.51
3c3df3dd2afaabb39a53131f9ce98116,1,credit_card,10,463.90
3fe4dbcdb046a475dbf25463c1ca78bd,1,credit_card,1,52.01
7d11ea85fd4de61373b6b8ab0387d011,1,boleto,1,96.93
9349a2d01c73ceff09422b184cf0ec61,1,credit_card,7,250.68
e4fa46e65ad5c0c84cffc9dcd3176c66,1,credit_card,3,131.16
716d94482440b2b6bbd8346eb9fb3e14,1,credit_card,7,864.98
950d953d1c32b47c840a17f3661427a4,1,credit_card,1,84.13
86e6162676905a8c6ad0bcbd7df8debe,1,credit_card,1,40.60
8ef9db017c57bd5bf1ee83358817d049,1,boleto,1,37.77
1a4fe7b4e0810e3c234a4e39775b6d53,1,credit_card,1,31.66
f3d6f3b9a369c62beee0dcee5584f442,1,credit_card,10,105.87
b49998737b7359ebe1b64b0b7ffb20f6,1,credit_card,3,36.82
d25eb73c856b09c77cd7dd09d9a488c2,1,credit_card,1,112.94
9fe9c3069432a6611954d1e0d51d6873,1,boleto,1,98.22
d0aed2ea0f3d1f9911ee36b795ccace5,1,voucher,1,53.01
99eae747b45fb42516e46311533b3064,4,voucher,1,16.88
bdf2232a3cc316d1649fc8faabec0f21,1,credit_card,3,160.51
bb3b61a129aba9eeb10bb81a4770f3b1,1,credit_card,5,272.80
21577126c19bf11a0b91592e5844ba78,1,voucher,1,3.79
59dccb56096ce22662c9a3f2f2312f39,1,boleto,1,97.51
06c94a45382f44abb2968a87bcee9bcf,1,credit_card,1,137.60
c0663e7701a516c68fa3009dd4f93ac0,1,credit_card,4,133.48
beff38e75b4e29421672a5a3a531bf28,1,credit_card,2,163.70
b3d71a2000f053668c1baac73b5fe4d7,1,boleto,1,257.44
e80668d1356f3b4f4c77cbdb452adb7b,1,credit_card,10,350.89
5553543e89ef381e4ff08f6b91b94690,1,boleto,1,378.93
c78b46b9e5371e47b97a2bb7eb4740a3,1,credit_card,3,101.73
34ed8b79fd1d5c5550059a18277cf3fe,1,credit_card,1,106.78
f2b00200fa3b427fee60eb4fa811720b,1,boleto,1,415.32
0af28d87520565eb3b57c9b2abe1a2cc,1,credit_card,4,3126.50
0e485d1f54cf7d8e93339478d9e1d884,1,credit_card,1,289.14
56f663cba1638e1a90a2fb8e4716a2db,1,credit_card,1,37.37
f2fecc6e386231f071a5ec6438b7ede4,1,credit_card,1,51.20
c62a1e40bd0ccc29edbef8925947bb37,1,credit_card,2,93.30
6fd39a1adde54d0a5e6fe5ddc6c8784a,1,credit_card,8,215.27
5daf14428a3c29d9dd22f97b7d5b3230,1,credit_card,1,72.53
733e4fd44a3ef48272fa3650f48b8734,1,credit_card,1,34.96
2c3c10e3041b454de87327e09b5816b7,1,boleto,1,167.74
bc250fb00c3c49af75ff964a4d987d6f,1,credit_card,1,62.54
eb6b32a82d2459d0ce7f2089f9eba0f2,9,voucher,1,11.48
79c697a71c6bfb37a4c83d238e695404,1,voucher,1,20.00
6e2da070f43077174091a78e68313684,1,credit_card,7,75.66
adc9f082768884dcb46b8b3d26851ca0,1,boleto,1,215.01
5fefa018b496e8145dfd56ae7320e222,1,credit_card,3,285.48
67d760ec323d2c9f0292ec4cdafc676e,1,credit_card,1,67.30
397f4ed009841e83e71435ab9376cc8c,1,credit_card,6,344.96
c11a22a599df12f33da9a25948a605ca,1,credit_card,1,42.50
20da65274d671907282e06147c655ae4,1,voucher,1,61.59
d412e855fc7d9c1019d9fcec73c0f7c6,1,credit_card,10,194.07
bd5d8e4ebcc034472954de8f591cd151,1,credit_card,8,88.17
d441b72d920571f8ac2d3c847eee6e47,1,credit_card,8,692.65
ba7da6649755130f12897371beb31272,1,credit_card,5,204.10
55463b6644570a60e7bd7f1c26c3c46d,1,credit_card,4,77.57
041bceeb0d1b95b5079ffb1ba84a779d,1,credit_card,2,135.64
e5100188966a71404b1ac65f51487cb4,1,credit_card,2,62.92
f26fa27bb0f1337c570d70e32fc2e413,2,voucher,1,15.21
9e97400ef316f1d0209aec475ab50554,1,credit_card,1,31.34
bb7d0e5b853f82d1aac9d4f51ec59500,1,credit_card,3,170.69
32efd401773730f7d0d1c5ae2b841465,1,debit_card,1,88.52
5c48604208ff2a0458a13f33a4c7ef1e,1,credit_card,2,57.22
815870a80fd96370919e0d7d0d117412,1,credit_card,6,225.25
9c37d94303e95d233a4608dabc34f802,1,credit_card,1,74.10
e243d2b9a888be9451926d6053edf2a6,1,credit_card,1,94.50
186ac860f8928db64590e1fdd744c9f5,1,credit_card,3,74.94
8618461ee5428f56dcc6d2794ccc59cc,1,credit_card,5,50.00
8c0dd54ff6a273a02de12494c6bf299f,1,credit_card,1,20.86
7d32c87acba91ed87ebd98310fe1c54d,1,credit_card,1,96.47
05f5cfec67106e59d6280f62c4792d25,1,credit_card,6,65.35
1e613bb0c5a8b4b9a311d131c2564731,1,credit_card,1,136.08
bbb7e3b704844468f580cf9f68b0ddd5,1,boleto,1,74.70
fd6a51f9eb40dd4bca270db2bd18aae4,1,credit_card,2,26.66
dc87bada73c00ce3e2e2c2b985c9c647,1,credit_card,2,144.64
9bbb33e6918e2064e479c9bbeb6db909,1,boleto,1,161.01
0d1bbf582326272fa550ed829bd2e1d4,1,credit_card,4,46.34
44978a07c53273143a18ff837c2dd68d,1,credit_card,6,83.57
c20889d460a5439e1529017fc9a867da,1,credit_card,6,102.64
13f726430863cd4a81b6899e25010475,2,voucher,1,26.82
230412dba3ab35d1a5c8fd1382bc7b49,1,boleto,1,236.24
82e3b58b34d2201715bd1531310615bf,1,credit_card,10,105.78
a0d5b8474423ddf55228373b81a46272,1,boleto,1,89.88
9d7737b250ca12ae1e89ef38f2e5d213,1,credit_card,1,96.35
3675f490195ac2070f7f45581da241c9,1,credit_card,4,232.70
ecfb623451269ac76a1469faf66dad27,1,credit_card,5,57.13
7d1ac7d65c6b5d59a9ac241fa41da57d,1,credit_card,3,35.09
153b80864a22f0638fef4339488a2cf3,1,credit_card,10,421.35
b45e33527c11959b80ea6d7c471a34cf,1,credit_card,8,733.53
daf610999defe00407d9c3178f42b819,1,credit_card,1,573.18
c8de7faa920cdcbe41252449a3fd36c0,1,credit_card,1,170.48
bf488c4d02bcdb68c278b42d9417f05d,1,credit_card,2,457.22
7b9e7ccb0670a2b422f9cc382a87f86d,1,boleto,1,92.83
a3780280bea9cf5034c0d8834b206fde,1,credit_card,4,153.90
a2b02026d2b1873d8e01ccfe3f8c62b0,1,debit_card,1,37.83
2557cef5a78a394bcf4c079121cc3b08,1,credit_card,1,40.00
f1d6313ed30c82ba1523aad41c60685e,1,voucher,1,20.00
4b99a000045d86380d5b014642fbc499,1,credit_card,8,296.20
75707562c6865f8fd2172eff80a71210,1,credit_card,8,99.73
11752bcab98894b1c72fac988ed11392,1,debit_card,1,67.50
4781da20482e1cd01049b1f299ead78a,1,credit_card,10,123.53
b153954b30a6a686b88cf18a599b4382,1,credit_card,1,37.23
9b9993961d216f751b2b4cf2c85e1e85,1,credit_card,6,780.59
c12ae6679912cd8f6ef682d8d9f1fdd2,1,credit_card,5,59.36
a15df161654da3f47c2984ffd7764920,1,credit_card,5,78.00
2002ea16e75277eaa0b5d78632048540,1,credit_card,2,24.94
15847be2cbb3423e9344e53b040ef2a6,1,credit_card,2,99.80
9f9df59d8852ad5630e576aa48249c26,1,credit_card,5,106.29
cd7d5eba4ca59e359249279469aa4f7a,1,boleto,1,165.21
0f2feb76d52c8e1be73daf8769a393e8,1,credit_card,3,184.91
c177f5a6ca27ad47cffbbcddbb6abee8,1,credit_card,2,106.62
3ac745c240dae78ad2e1b9e191e92143,1,credit_card,6,87.64
49d10d709e14496d0d1d8d6cb556d2f3,1,credit_card,3,153.31
e4a9759ef4977b2303b79da089cc865f,1,credit_card,1,111.80
17c9362cdf27556b1765d93729c3beb2,1,credit_card,1,106.38
51149ebc2ec1ecbf8a2503fd49753259,1,credit_card,2,29.41
416bffd2b6f30043b4c631f9109782f3,1,boleto,1,157.55
ffe5736050c2890fa51a28942820258a,1,credit_card,1,94.54
553d40c3dee8e6294b1b393c1499c25c,1,credit_card,5,67.13
6bb425cfe5c2338ba1386a0114f7fb50,1,credit_card,1,63.60
575fd25dc6bc7604b6a64f9d8fdb1cd3,1,credit_card,4,137.18
0ed70666bb64b5c2ba83b2a6dc37f032,1,credit_card,6,252.94
168181560f9cbee863926c0d0957c56a,1,credit_card,1,140.76
628c4dc07e38c6a4309d58e8a42e2f27,2,voucher,1,100.00
5c55ef550d5ff75bae4c1473c8dd06a5,1,boleto,1,54.01
00a379dfab816a83741012b71b264098,1,credit_card,1,23.38
1a302b3c311d6fd772e886b742c24304,1,credit_card,3,78.87
f97038209977e4fcbbbb7ca58e55bc1b,1,credit_card,3,182.62
138f041df3644d9ad82f50c67b7bb304,1,credit_card,10,135.28
c13ac59826a76ae21dbe5b33ae83b857,1,credit_card,1,91.18
0343fa2096b6d04743321f9b9f62c1e0,1,credit_card,10,111.96
c39256279451486ab6eed803a7c5b094,1,credit_card,7,136.74
b77c6d3c0334b27a51f220038f0ef8ac,1,credit_card,4,135.63
adb00f908ea2044d0001f86671d882af,1,credit_card,2,102.96
7870e4898f865975acb43fb1c282f4d3,1,credit_card,3,69.33
f63534bddbd95cda0a1f281a1994a1ef,1,boleto,1,39.42
e3c64131d3d2295829639be7b74a6533,1,boleto,1,77.29
8d812dbf931bbd85b3b5b528b75ef9bb,1,credit_card,2,124.02
4962467df8bbf58b2f212f805a473446,1,boleto,1,99.79
68b3cbc68e4cd1fe19bec35f1d3bb7ee,1,credit_card,8,80.33
44cfc5b2ba4522fbfff8c05a8649e538,1,credit_card,1,87.32
2e9d2850537d9e6975149a266b9ecf69,1,credit_card,1,118.35
ed17f0572bc6ccdacbb220b282a6387c,1,boleto,1,111.42
f52770381c11ff33137e243fc4e3a7af,1,boleto,1,52.38
5d284e172fe3bafba10f2c60e3ea2047,1,credit_card,2,215.58
8782135cf0f7ffe6fb80bf501a37ecd2,1,boleto,1,34.42
c5d4823acfd714b139d9a100c0234122,1,credit_card,3,84.51
0e8f4c0385a96b68bd717e0e2ceb6898,1,credit_card,3,99.43
47b4bf81340558dae3b914a280e01e9b,1,credit_card,5,52.85
3fc2e32bfc88b2bf0e9d7437503d82dd,1,credit_card,1,117.58
4d2c3fb1909604d5f9474e4675971ef2,1,credit_card,2,117.96
0e7e973a8d82ae12e070d767abed8960,1,credit_card,2,20.29
7bc9425754bf6e2275442bcde2337180,1,credit_card,1,175.79
cd30b79021e46fbfccaacd57ffbaca5b,1,credit_card,3,241.19
2b80bbe860a78a5c399ce50fd730c376,1,credit_card,1,70.63
3304f260a9b2d280ac64521d3e911dec,1,debit_card,1,141.62
6fefe7f276220450fc08b7c974e21fb7,1,credit_card,1,31.33
7a485479dbdf94502e471dbd3329a4e4,1,credit_card,3,316.14
2f0d70560615459213d3ea85549554a6,1,credit_card,2,33.99
5e0140671ad91ce830fb2b33a3210d1b,1,credit_card,10,110.42
ce8a790838d6b4304ddde9481438c679,1,credit_card,2,106.87
eba24b2dcc75d6fb248e917715a425d5,1,credit_card,1,30.84
3a635b5f9d8d66a95086d273fdf4b9af,1,boleto,1,62.31
e20a706ac55f135718368acf3c333dc4,1,credit_card,1,59.22
1f6ddbae00fc6acbc0457caa5fd89ad1,1,credit_card,8,1125.55
3668477773eb5474d397777749d44f08,1,credit_card,1,40.17
e1f72316055b5f5da7834780f994d6c7,1,boleto,1,84.72
5361ae7742cca11bdce02eba111d345a,1,credit_card,1,70.02
62d3014a7e5b4f51c5f2bb713775aada,1,credit_card,10,1233.42
4064b7bda3dcdab5dc717705f524d3bd,2,voucher,1,21.06
8c7743df5e89b7178ace0e9b7afe5208,1,credit_card,2,108.33
5820261a4aacfd67c653d120a4acdc46,1,credit_card,1,68.51
7caa2aaed7e9a56d1bc1004eb7d296e5,1,credit_card,1,43.03
0c350088bd84d6620d87abdd2b1e09ca,1,credit_card,3,182.69
b87f0af53388149e08ee91a0b00816a0,1,boleto,1,40.00
b36dde30ca62faf042ac4e3f001b9c04,1,boleto,1,79.56
e8a7971efe578b8e5a140c59f190c52b,1,debit_card,1,196.49
3c23f03a52f26c926ec48ffa9bdd82f1,1,boleto,1,81.19
6e6fe0a4ffa0d2ceb491628d18388697,1,credit_card,8,695.99
9841304c5432e46d9cfd508835b743b1,1,credit_card,3,147.47
264deac888717a54971fa3109f6709e3,1,credit_card,10,117.85
647c2286962851bb7b82d2238a2af37e,1,credit_card,4,153.01
32855d7689b9f421de7025b1f94cabb8,1,credit_card,4,206.76
27cd2ebe0ab4174836a87975c23fa80f,1,credit_card,9,420.06
370d5b41dfcdc96d0edb780967153d4e,1,boleto,1,61.19
cb740e05716c376f1e99f0509fad75c7,1,credit_card,6,233.93
83b24047c5441da1ecd3befa7619f125,1,credit_card,1,283.00
726714fe5c6124b8501feb36c5b89896,1,voucher,1,33.02
da28a815dd7996590e84c9e51dec1ff4,1,credit_card,5,125.38
3024eda1729b9daf946125ec8c271a91,1,credit_card,1,60.46
f1c86b9191896bcf9077ec22b6248153,1,credit_card,1,15.65
d22be2a4da2ca6e4cf8f164d63f5be02,1,credit_card,1,90.88
382a503d9d9928675c03cb26ea99b262,1,credit_card,6,61.75
812f4de54953468bf13530e434f7de0f,1,credit_card,1,73.43
32163a3da27e868cf12730227576ff1b,1,credit_card,6,317.20
7147bfba27147cf06600e5a1577d3a4b,1,credit_card,6,122.78
a20191650d84d1d59f72139a87207a3b,1,credit_card,1,115.65
dc3d2c21652c9d91fa3b1f74a3a68ae3,1,credit_card,10,1966.91
1777f6d0dafb34a24cffac1c7ad5d618,1,credit_card,1,225.05
f69fdefb076eab898275116d3af13742,1,credit_card,1,38.01
60fc7ade1e92f28d610e6e529997e56c,1,credit_card,5,238.11
5a8a4dc28b16fb90469ad749f9535773,1,boleto,1,321.34
21577126c19bf11a0b91592e5844ba78,4,voucher,1,5.47
f3988a6f6afe000b1617ab4429c5396c,1,credit_card,10,249.14
579c04f647cacb17047677baa1282eaf,1,credit_card,1,76.08
fbfd9608b0061e4cc1412e28450a83e8,1,credit_card,2,184.95
5c7ffa6a8321eb05f96b3f941cf874e5,1,boleto,1,286.77
43633b4950869ad500817fb5326e1864,1,credit_card,3,65.00
54d65ba100747f2456fc1d1e314ceb26,1,credit_card,5,248.38
05e8d222c5597784b04c804e183599c7,1,credit_card,1,77.57
45f538a7067ec91ebf71a1bc95a63be4,1,credit_card,4,241.62
d63ca971879bcbc2bc28cb2b4a8d1c52,1,boleto,1,116.24
79b63d1f9cf0257b33b04fbfb0847cba,3,voucher,1,35.37
9800ee2371539396d5bb270f1e844e11,1,boleto,1,172.68
2e612a3508e4bce75344e6bfb68f28e0,2,voucher,1,100.00
141e9339279b23d1c38a8512d0e9ba7f,1,credit_card,5,51.01
2228de938a229c135ae3bd0bf71a128c,1,boleto,1,165.59
be59e03672bb8d48da16e07a0fb660a8,1,credit_card,1,59.59
7d5ba597429574dce3200b4b20686641,2,voucher,1,61.17
4d1d3523aeda82887c2875955783ba2f,1,credit_card,5,175.74
5dee8eedf4516e7562d1ec0f62833392,1,credit_card,1,203.93
0a8ad519fc5624a7862124decee24b27,1,credit_card,8,106.97
620e41d66853f928215b41c1700a9936,1,boleto,1,128.95
36ddc5f19d31a8d744d01bbbd1d11321,1,boleto,1,225.14
49f879aa078787ff9ca5e831515407b9,1,boleto,1,133.58
4ab2c1c6f21974d6332c0531a74eef20,1,credit_card,1,44.09
30912e56cd416bbcbd9d3282e643c27e,1,boleto,1,23.29
5d3d6b8740f0b956853ba943e42e2c22,1,credit_card,10,1026.48
040ffb806b943aa19e0b176e7746b2b7,1,credit_card,10,556.69
0eac9f8e158a0eadfce8c9da8547a8ce,1,boleto,1,88.27
09b9364d966593e51c1edead847fd220,1,voucher,1,193.21
157972ad87ad74e792dc1c49ead0f733,1,credit_card,1,87.11
771fc969d198bd5102b42e8d8db12364,1,credit_card,1,128.29
2dabb10146331fc98c0322801df870d7,1,credit_card,1,17.72
3e87ada006372f78ebf4bfee1cb020a5,1,credit_card,7,82.87
82962a8abf46b030308d707aff1a7f35,1,credit_card,6,121.79
628c4dc07e38c6a4309d58e8a42e2f27,1,credit_card,1,2.18
da95f8b22acd8e17362c16bf0eb86714,1,credit_card,2,58.25
dcb965b6963d2375946c5b2eeb316e6a,1,credit_card,1,119.66
8a6d1317935fc8ba385da595dd3bf2be,1,credit_card,1,124.53
39176f8e4a96aef60a2f8df4431ae834,1,credit_card,1,37.13
8afada74ea69f220081870b340ddde98,1,credit_card,3,161.37
ffe3153dcf1c03911848f64ed557764b,1,boleto,1,287.21
bdbcb0e21f0d85538d17911900b26610,1,credit_card,10,1119.90
96bd9c3ad7366522a8a0ef40301faeb5,1,credit_card,4,197.64
0c87dd1621990a460672f431810cb35c,1,credit_card,1,163.47
31b7099f02dfb1ef54bf9b3c44aaf417,3,voucher,1,6.71
87d439e33701be5b1e607849115ebf5b,1,credit_card,10,279.17
83ac7baaa477085adfafa311103efaf5,1,credit_card,4,108.51
f86e20fe6ce750c00d7ed08e8c67384f,1,credit_card,2,29.00
ecd6c4b673e81e3ba899f65b2135ce70,1,credit_card,1,48.62
b0e61103ba1dee7e3c3c31f68e62a3fb,1,credit_card,1,56.37
2fabe3a6fbc1051857b2494418c8339d,1,credit_card,6,139.52
caeae132e3ebfb4af85f98f054c37ef6,1,boleto,1,87.54
21577126c19bf11a0b91592e5844ba78,6,voucher,1,7.11
9ffdb44f6b79111e57d86b61146fba23,1,boleto,1,56.42
47c3ce4efeeff5eae692f5d31ef009e3,1,boleto,1,233.81
df30286452a2054192bfb48c75e6287b,1,boleto,1,79.81
f2fd76c4a6a18c5be5d960963e114737,1,credit_card,8,86.73
8e1424bf1830e231bfb035b447af7a93,1,credit_card,4,200.31
fc8fa04a6621b92f945b8d0224feac74,1,credit_card,2,97.87
0518657f142278ad13d645c6b5b0a669,1,credit_card,4,64.09
629e289bf8013a1e9dcb5fc8cb9b377b,1,credit_card,1,71.71
eee77f4b54ff5aeb0312aa795fb9914c,1,credit_card,1,64.42
7cd12f82d867bf5cda813ec60b7c4db8,1,credit_card,3,158.56
345f3128d7ec2b4fe1b30bef9c24ac82,1,credit_card,1,95.73
6c962a878a13ebc179759b22586cfae5,1,credit_card,8,86.84
5701526ccd29e0cb831e1324aa60b867,1,credit_card,1,29.75
82bce245b1c9148f8d19a55b9ff70644,1,boleto,1,267.80
67ec1ff2fc90decdce72e2299a384ee1,1,boleto,1,167.43
df5c6aca62db71fbe451c0408bde2817,2,credit_card,1,40.20
f9fa435b229b328ac3cb116184422b59,1,credit_card,1,21.27
b319de7e29d9ec96df9f75a1558c8ea7,1,credit_card,2,64.09
45fb3f449f9ca45f89ba2d2b062e495b,2,voucher,1,91.13
1dfe1249fb9a3871f918c37f1e5f68a6,1,credit_card,2,82.51
1cf9fb7308beb8ef95005967f336cefb,1,credit_card,4,82.92
a1f360ba8499a15b557819850f54b9c4,1,boleto,1,24.94
06a9ff8c19b2d371a45c48568283929b,1,credit_card,4,49.12
b5628337dad9ae1f38266f0e22fdae4a,1,credit_card,1,39.61
9dd1d19c4558ecb8601dd0305c30cec0,1,credit_card,1,96.22
a65123674e1b3ffde2fff9af8c009f30,1,credit_card,3,150.14
bf2c58d30170e4cbd5153bacabc31d24,1,credit_card,6,171.27
f6a1315248ae1d7cb19cc912d5239771,1,credit_card,1,39.00
431e57fb445e35e908a2d4867bfc9b27,1,credit_card,1,94.26
9edb5899606254447166a651aa65c063,1,credit_card,1,62.13
f52a5a508f96400a02ab7d6dd3d73146,1,boleto,1,808.87
3f2502be2cb245c8c7ca170ddf39465b,1,credit_card,3,217.61
d80251514bbd83a5bb165f6e5667c6f2,1,credit_card,1,159.89
0231f6b89e5798ff6c0dfb1e18a94da9,1,credit_card,10,648.77
4a1c879db7056f078a037fdf72b6d0fc,1,boleto,1,325.82
0a187dd7f4efe70e8c3b6e3779b3b133,1,credit_card,8,1333.55
b033a34245ae159e80dd599b3c5cb92f,1,credit_card,1,188.00
ee1de1bcd287c6d9584b5e78d1b534be,1,credit_card,4,196.99
0fd20e900b40f5cb8e6fd31df27aabbd,2,voucher,1,250.00
7cdaa17ad10c7724ac707e1a2fd3a3ae,1,credit_card,5,52.38
ccfe85ff3893b9efe8d101891fdd40ee,1,credit_card,5,159.10
ac40627fa08c6c47cdb3648f3e14901a,1,credit_card,3,100.00
0fd20e900b40f5cb8e6fd31df27aabbd,1,credit_card,2,65.40
80e3ea9d65b89f8cbaa3d1f08f5dbd17,1,credit_card,1,113.11
cd833669dc6a68cd473eac313fe69a6c,1,credit_card,5,224.94
915e61444d403c1c57fa206962c3e60f,1,credit_card,6,68.44
eb54462c208a5481d2af421ca4f66780,1,credit_card,2,40.22
87b25622da650dcff9efaeaad1ebc057,1,credit_card,1,130.73
a968bece60cce24072b4a3a5175c454c,1,boleto,1,156.19
1783899eca92b0bb639951f0a8909018,1,boleto,1,61.40
b6a87380ebe0e02e7ed12272492b3ca0,1,credit_card,1,86.64
b6ab72d17de0a5c4bdf888f55c9acb4b,1,credit_card,2,110.60
b44d797bd9259818b8e3655230d25879,1,credit_card,1,57.68
5e8125228086e366702d4aab930260d9,1,boleto,1,66.67
693f8bb47e6135ecad76616fa2596a05,1,credit_card,8,223.53
fc54a67aa2c88278d6475185217dc47d,1,boleto,1,32.72
ae97799b02696e7937ea854ed542d015,1,credit_card,4,242.10
f1b0d27b392edf2469778d8885fc2375,1,credit_card,1,95.32
089099bac717ea03540251a8c02858b6,1,credit_card,1,93.64
96a2ebaf09ce36a4370b97e9fd0d5a85,1,credit_card,10,230.11
058350ebe1e9c9b426d1331b4b6063d1,1,credit_card,4,58.64
eb6b32a82d2459d0ce7f2089f9eba0f2,1,voucher,1,11.80
3843764d4f30d3653388f1b55c3a9ac5,1,credit_card,2,128.77
9b8f6a6ca0b17d35ff480e9a2ad8b7ed,1,credit_card,1,28.50
ab7c89dc1bf4a1ead9d6ec1ec8968a84,1,credit_card,5,120.12
4064b7bda3dcdab5dc717705f524d3bd,1,credit_card,1,26.16
953924bfb9b567973c9f02020eb17eab,1,credit_card,1,67.35
264d1f3efc32d8d8243d16c9a582a0b7,1,credit_card,2,250.61
c05002c71f007c6a4056ca538113e991,1,credit_card,1,5.08
bd6ab28252f15e7c57f212a725aa1c37,1,credit_card,1,69.97
35066d34d3d361931bd8dbad2a94bb0e,1,credit_card,1,70.97
7b8ef69133bb95128e53e14329bdb03a,1,credit_card,4,227.62
9e3239dcd0d89b2b4e9315e93f265c84,1,credit_card,1,82.12
b2a075b61f56f754745f60eeca7c0f63,1,boleto,1,93.65
8da1b0cac91830c54472e2f91579aeff,1,credit_card,2,186.27
387c2c33e495538e94878a500bf8e6d5,1,credit_card,1,87.58
