seller_id,seller_zip_code_prefix,seller_city,seller_state
8bd0f31cf0a614c658f6763bd02dea69,01222,sao paulo,SP
7b8e8ec35bad4b0ef7e3963650b0a87b,88705,tubarao,SC
f9ec7093df3a7b346b7bcf7864069ca3,05138,sao paulo,SP
f7496d659ca9fdaf323c0aae84176632,04156,sao paulo,SP
2ff97219cb8622eaf3cd89b7d9c09824,13320,salto,SP
116ccb1a1604bc88e4d234a8c23f33de,09850,sao bernardo do campo,SP
d9a84e1403de8da0c3aa531d6d108ba6,03562,sao paulo,SP
8444e55c1f13cd5c179851e5ca5ebd00,37584,congonhal,MG
2d50d6282f8aa2257819a77bfaa0efe0,14940,ibitinga,SP
a416b6a846a11724393025641d4edd5e,03702,sao paulo,SP
7e93a43ef30c4f03f38b393420bc753a,06429,barueri,SP
ef506c96320abeedfb894c34db06f478,03569,sao paulo,SP
a13aaf2d2886ab9fb30fb9a920160b8f,89207,joinville,SC
7299e27ed73d2ad986de7f7c77d919fa,38440,araguari,MG
b2479f944e1b90cf8a5de1bbfde284d6,14940,ibitinga,SP
d650b663c3b5f6fb392b6326366efa9a,06713,cotia,SP
abe42c5d03695b4257b5c6cbf4e6784e,21235,rio de janeiro,RJ
8bb48dc19fccaa8613b6229bf7f452a2,19803,assis,SP
0c8380b62e38e8a1e6adbeba7eb9688c,37410,tres coracoes,MG
37be5a7c751166fbc5f8ccba4119e043,04248,sao paulo,SP
44073f8b7e41514de3b7815dd0237f4f,71070,brasilia,DF
9d39404483343dd55c7ae254494d8388,01044,sao paulo,SP
0692610d8abe24f287e9fae90ea0bbee,02310,sao paulo,SP
99002261c568a84cce14d43fcffb43ea,78095,cuiaba,MT
e5899683388855d3dabe8913bbe365de,13575,sao carlos,SP
82e0a475a88cc9595229d8029273f045,03417,sao paulo,SP
ed4acab38528488b65a9a9c603ff024a,08260,sao paulo,SP
7b98de631987e26dd6d803490c43a13c,87900,loanda,PR
f12ff17ad8bbf01ec5c33b17e506649b,03186,sao paulo,SP
229c3efbfb0ea2058de4ccdfbc3d784a,30190,belo horizonte,MG
95ec4458365c4d11f452ccf538377619,13481,limeira,SP
fa40cc5b934574b62717c68f3d678b6d,02310,sao paulo,SP
8b2492b7ff4468839593fafeed55bad9,24451,sao goncalo,RJ
5e49e3a44bdeb5aab2684258bbd4f525,88330,balenario camboriu,SC
aaed1309374718fdd995ee4c58c9dfcd,89120,timbo,SC
9e6229250fedbe05838fef417b74e7fb,16800,mirandopolis,SP
3db66a856d18a9cba7c9241fc5221c50,35430,ponte nova,MG
b4a476fbd28de64b1e347abf9089366a,06653,itapevi,SP
a17f621c590ea0fab3d5d883e1630ec6,18055,sorocaba,SP
55bb6fe5bebe5012e2d7d9928e1128ff,17052,bauru,SP
7d13fca15225358621be4086e1eb0964,14050,ribeirao preto,SP
1b4c3a6f53068f0b6944d2d005c9fc89,88730,sao ludgero,SC
b92e3c8f9738272ff7c59e111e108d7c,36502,uba,MG
b8555308bfdb4ca1ed54325a58da9a97,09751,sao bernardo do campo,SP
1dc2de47ee26a0a5b12dc14fd6dc0dea,14940,ibitinga,SP
4917cee8d902e13428c3ec4b1ca6f315,89031,blumenau,SC
b14db04aa7881970e83ffa9426897925,18048,sorocaba,SP
a3e9a2c700480d9bb01fba070ba80a0e,14940,ibitinga,SP
516e7738bd8f735ac19a010ee5450d8d,22230,rio de janeiro,RJ
9f505651f4a6abe901a56cdc21508025,04102,sao paulo,SP
7142540dd4c91e2237acb7e911c4eba2,16301,penapolis,SP
a3a38f4affed601eb87a97788c949667,89204,joinville,SC
8b9d6eec4a7eb7d0f9d579ce0b38324d,26562,mesquita,RJ
83deb69e889cf80f82be1dc6d5f2d486,88056,florianopolis,SC
79ebd9a61bac3eaf882805ed4ecfa12a,85802,cascavel,PR
8e6d7754bc7e0f22c96d255ebda59eba,12233,sao jose dos campos,SP
cbd996ad3c1b7dc71fd0e5f5df9087e2,15081,sao jose do rio preto,SP
e067ad2c1c0b48758eb1b5228bcf7a68,11045,santos,SP
5acd070dd3fe441bbb2ec1f1ede515ee,13203,jundiai,SP
6d803cb79cc31c41c4c789a75933b3c7,14600,sao joaquim da barra,SP
5f2684dab12e59f83bef73ae57724e45,05125,sao paulo,SP
8b321bb669392f5163d04c59e235e066,01212,sao paulo,SP
76d64c4aca3a7baf218bf93ef7fa768d,80215,curitiba,PR
004c9cd9d87a3c30c522c48c4fc07416,14940,ibitinga,SP
b4f8921fcc4ff77b66bea6dda43dcd51,95034,caxias do sul,RS
aba1721a889e04decc910aa13b768ef4,05729,sao paulo,SP
cab85505710c7cb9b720bceb52b01cee,02252,sao paulo,SP
9a03a4e9eb0b947652fae4f6121a3f5e,15805,catanduva,SP
3df020b72d3d44b3af9d110fa3940b65,15704,jales,SP
89de2d6f23e9746ff309705b23581faa,86060,londrina,PR
3bfba5a77604f6dfae7e6dd7aaf65821,86046,londrina,PR
0d33a55da925bbf1ff02af5f6059fc7f,05632,sao paulo,SP
955fee9216a65b617aa5c0531780ce60,04782,sao paulo,SP
751bdc4d83a466c7206cd42e8f426b03,09405,ribeirao pires,SP
5a93f3ab0ef4c84ed5e1b5dbf23978bc,12250,monteiro lobato,SP
0176f73cc1195f367f7b32db1e5b3aa8,14940,ibitinga,SP
ceaec5548eefc6e23e6607c5435102e7,03821,sao paulo,SP
c8771b1a10bb99bb34d3c459c5cffb53,36512,tocantins,SP
e9bc59e7b60fc3063eb2290deda4cced,87083,maringa,PR
fa1a9dec3a9940c072684a46728bf1fc,88820,icara,SC
cb8bcce248bb1fb274ba762d8b971456,37540,santa rita do sapucai,MG
b6d44737c043328708f6749c2dbe50bd,09230,santo andre,SP
cfb1a033743668a192316f3c6d1d2671,18110,votorantim,SP
dc64d75cc406bb0697be983831430e60,31560,belo horizonte,MG
259f7b5e6e482c230e5bfaa670b6bb8f,08550,poa,SP
dd7ddc04e1b6c2c614352b383efe2d36,03471,sao paulo,SP
f457c46070d02cadd8a68551231220dd,87047,maringa,PR
1f50f920176fa81dab994f9023523100,15025,sao jose do rio preto,SP
d93919c944be9cff128f6c9cb899eacb,13375,mombuca,SP
f7ba60f8c3f99e7ee4042fdef03b70c4,09628,sao bernardo do campo,SP
002100f778ceb8431b7a1020ff7ab48f,14405,franca,SP
8ff1a9df749e454105c55cda13e79143,17509,marilia,SP
f84a00e60c73a49e7e851c9bdca3a5bb,20756,rio de janeiro,RJ
e5a38146df062edaf55c38afa99e42dc,01233,sao paulo,SP
f45122a9ab94eb4f3f8953578bc0c560,13419,piracicaba,SP
6481e96574816ead57975da2c0f6d80d,18072,sorocaba,SP
1554a68530182680ad5c8b042c3ab563,37580,monte siao,MG
ef0ace09169ac090589d85746e3e036f,24451,sao goncalo,RJ
87142160b41353c4e5fca2360caf6f92,90230,porto alegre,RS
11305281b50fff20ae8bb473f8e11876,36500,uba,MG
fa1c13f2614d7b5c4749cbc52fecda94,13170,sumare,SP
bf100ecb7997df312b285358fb32f92c,83070,sao jose dos pinhais,PR
ddd51ae8cda92f3995a51fc0f0f3eec7,23062,rio de janeiro,RJ
34d1ca11b242c0fee2c834ae8d788566,36415,congonhas,MG
99eaacc9e6046db1c82b163c5f84869f,14400,franca,SP
d98eec89afa3380e14463da2aabaea72,90010,porto alegre,RS
93b9a99027bd8bd6af682aff18dd19bf,07600,mairipora,SP
d354c38a7182125a748cb10474fe963b,28495,aperibe,RJ
c3cfdc648177fdbbbb35635a37472c53,80610,curitiba,PR
1ce3ae5a399804d1a87e706f8a813c3e,88715,jaguaruna,SC
2138ccb85b11a4ec1e37afbd1c8eda1f,08250,sao paulo,SP
fe87f472055fbcf1d7e691c00b1560dc,13085,campinas,SP
e8b4225284fbb02d16f200513f1f395d,14960,novo horizonte,SP
054694fa03fe82cec4b7551487331d74,15840,itajobi,SP
c8b0e2b0a7095e5d8219575d5e7e1181,08598,itaquaquecetuba,SP
391fc6631aebcf3004804e51b40bcf1e,14940,ibitinga,SP
7994081388d55b9cf976c050653dd359,01244,sao paulo,SP
e84ad2127668df3aafc6b73531a0beb8,04613,sao paulo,SP
e9779976487b77c6d4ac45f75ec7afe9,11701,praia grande,SP
db4350fd57ae30082dec7acbaacc17f9,03126,sao paulo,SP
845e8036c3f7bf62099352f5ed910240,21041,rio de janeiro,RJ
3364a91ec4d56c98e44174de954b94f6,76804,porto velho,RO
8a432f4e5b471f8da497d7dc517666e2,19042,presidente prudente,SP
20a8b0dc55da94fe74d112082427c84f,13312,itu,SP
bfd27a966d91cfaafdb25d076585f0da,13930,serra negra,SP
a369d693961cb93b61ca2cc518872a85,15081,sao jose do rio preto,SP
b87a7ea0c30fad2dd6781b74a0064859,04133,sao paulo,SP
179d859f51292aac5c10806a356f7af9,09411,ribeirao pires,SP
9c0e69c7bf2619675bbadf47b43f655a,12230,sao jose dos campos,SP
3586b8580d9c917874e053a1bb37b5ff,14802,araraquara,SP
6edacfd9f9074789dad6d62ba7950b9c,07135,guarulhos,SP
8d956fec2e4337affcb520f56fd8cbfd,09780,sao bernardo do campo,SP
138dbe45fc62f1e244378131a6801526,02215,sao paulo,SP
5058e8c1e82653974541e83690655b4a,08583,itaquaquecetuba,SP
dfa0c4c6229ab200a4a1336b4d7128ff,88085,florianopolis,SC
6c7d50c24b3ccd2fd83b44d8bb34e073,19025,presidente prudente,SP
8a8835a43bda99fd37310ad76c457510,09540,sao caetano do sul,SP
32b8764b4ef628b53608fc34011fcc13,88504,lages,SC
0432ead42b6c8a0bdf68154add917fdf,09320,maua,SP
2a261b5b644fa05f4f2700eb93544f2c,13660,porto ferreira,SP
7ea5bfa6c340f58f8e71fc1f0412b0d6,30180,belo horizonte,MG
6902157ee16728322d61a1321fa79e58,01026,sao paulo,SP
1a3df491d1c4f1589fc2b934ada68bf2,89224,joinville,SC
6560211a19b47992c3666cc44a7e94c0,05849,sao paulo,SP
febab0275244b9a49a623f0bd613ca2f,13920,pedreira,SP
f3da5b2ff499efb8d4a6d371d175d7dd,02407,sao paulo,SP
a420f60ff1aa9acc80d0e42959f2b313,05138,sao paulo,SP
8602a61d680a10a82cceeeda0d99ea3d,01001,sao paulo,SP
d7485b33791774c36108f8c69602d48d,81020,curitiba,PR
515d781150feed28a6ac091bb0e3cb8c,79090,campo grande,MS
640e21a7d01df7614a3b4923e990d40c,14940,ibitinga,SP
dd2bdf855a9172734fbc3744021ae9b9,31255,belo horizonte,MG
cbf09e831b0c11f6f23ffb51004db972,09726,sbc/sp,SP
715bbd5ba4e6b74cb0d2f29eb45058b0,13930,serra negra,SP
53243585a1d6dc2643021fd1853d8905,42738,lauro de freitas,BA
dee656f0f566ed1aa85bd137c943f08f,12701,cruzeiro,SP
966cb4760537b1404caedd472cc610a5,09920,diadema,SP
f3b80352b986ab4d1057a4b724be19d0,71200,brasilia,DF
bf00385a5f7fc1ef39a13c2e9ee50a5f,01224,sao paulo,SP
ec4608a1f76453166bb312b2968aeaf4,13660,porto ferreira,SP
00ee68308b45bc5e2660cd833c3f81cc,03333,sao paulo,SP
701938c450705b8ae65fc923b70f35c7,15014,s jose do rio preto,SP
59b22a78efb79a4797979612b885db36,38414,uberlandia,MG
ea8482cd71df3c1969d7b9473ff13abc,04160,sao paulo,SP
5b925e1d006e9476d738aa200751b73b,04567,sao paulo,SP
06bb3a2fe5e7b7a845b13e8fb91bd944,31844,belo horizonte,MG
fe2032dab1a61af8794248c8196565c9,13030,campinas,SP
e0a366315b1b726b6c7832d664c0f530,02258,sao paulo,SP
4e17c65a516f69d023a2ae78b84f28d6,08673,suzano,SP
18a349e75d307f4b4cc646a691ed4216,01319,sao paulo,SP
12b9676b00f60f3b700e83af21824c0e,95780,montenegro,RS
08061dc0fc165ed41288cc7acde738ee,06036,osasco,SP
612170e34b97004b3ba37eae81836b4c,93542,novo hamburgo,RS
2a84855fd20af891be03bc5924d2b453,30111,belo horizonte,MG
4b39558c138930b9e5489c93b6df5fe3,49055,aracaju,SE
4b9750c8ad28220fe6702d4ecb7c898f,13484,limeira,SP
8cbac7e12637ed9cffa18c7875207478,89254,jaragua do sul,SC
aae3bfea055532c57fb453ed3ec80b30,09271,santo andre,SP
f84fa566034f5e8e880a07ec624c56af,13330,indaiatuba,SP
4c1c7281388a33dd06daac44f9fadbd1,17510,marilia,SP
0ff83046c3fa22efee8ecf291888b191,95110,caxias do sul,RS
a888faf2d1baececa6baf9c3d603ee1f,87502,umuarama,PR
681fce914360217db47784ae28905a96,83709,araucaria,PR
41b39e28db005d9731d9d485a83b4c38,09220,santo andre,SP
001cca7ae9ae17fb1caed9dfb1094831,29156,cariacica,ES
2eb70248d66e0e3ef83659f71b244378,13101,campinas,SP
6061155addc1e54b4cfb51c1c2a32ad8,13043,campinas,SP
3985a3c45be355a4c57fde108bfabd1c,95690,rolante,RS
e882b2a25a10b9c057cc49695f222c19,25963,teresopolis,RJ
dbc22125167c298ef99da25668e1011f,37564,borda da mata,MG
048c2757535328e0d7dac690ad3c0aae,14406,franca,SP
d91fb3b7d041e83b64a00a3edfb37e4f,11704,praia grande,SP
ba143b05f0110f0dc71ad71b4466ce92,02274,sao paulo,SP
4e0d109ccfba9a1151c103049880c857,25550,sao joao de meriti,RJ
5f5b43b2bffa8656e4bc6efeb13cc649,04880,sao paulo,SP
7bcd7c5f8631701474db233ccf1c094b,02047,sao paulo,SP
d9bd94811c3338dceb4181f3dbc0c73e,04186,sao paulo,SP
dbd66278cbfe1aa1000f90a217ca4695,05588,sao paulo,SP
63b464dbf392c7b80d12d932fa7cafed,02034,sao paulo,SP
7c67e1448b00f6e969d365cea6b010ab,08577,itaquaquecetuba,SP
c24173065483e421f9e5e7f599de101d,03548,sao paulo,SP
01fdefa7697d26ad920e9e0346d4bd1b,86050,londrina,PR
43f8c9950d11ecd03a0304a49e010da6,06341,carapicuiba,SP
c60b801f2d52c7f7f91de00870882a75,07174,guarulhos,SP
062c325cd6a2b87845fab56b4ec2eeae,08150,sao paulo,SP
a3082f442524a1be452e3189e003b361,81560,curitiba,SP
ad781527c93d00d89a11eecd9dcad7c1,15015,sao jose do rio preto,SP
128639473a139ac0f3e5f5ade55873a5,87050,maringa,PR
7e1fb0a3ebfb01ffb3a7dae98bf3238d,14403,franca,SP
376a891762bbdecbc02b4b6adec3fdda,74323,goiania,GO
d2374cbcbb3ca4ab1086534108cc3ab7,14940,ibitinga,SP
1eade46fba20122dc4aefb379f8c636b,02066,sao paulo,SP
40d54b51e962dbe09cabbcfd33298dee,09230,santo andre,SP
70c27847eca8195c983ed7e798c56743,20930,rio de janeiro,RJ
05d2173d43ea568aa0540eba70d2ca76,37135,alfenas,MG
b839e41795b7f3ad94cc2014a52f6796,09541,sao caetano do sul,SP
0dd184061fb0eaa7ca37932c68ab91c5,07031,guarulhos,SP
2aa3443d7bf9d9bb11133f420d75e083,22713,rio de janeiro,RJ
c3867b4666c7d76867627c2f7fb22e21,14580,guara,SP
0bae85eb84b9fb3bd773911e89288d54,88301,itajai,SP
17ca9b9e9b9ef8fdb529001b49ebb50f,32677,betim,MG
acce39e832338debb07b02385cde5967,32110,contagem,MG
f262cbc1c910c83959f849465454ddd3,03564,sao paulo,SP
432c37c9dfba871172ec162e20118b8c,70235,brasilia,DF
27a56ff04b34c2ba34ce6ba4d3b9d616,13033,campinas,SP
d8c7ba53e7e38711eaef8c2849d6d2e1,87120,floresta,PR
8a43128d7f9a3db592b866e6861a6cce,08080,sao paulo,SP
06e5eefc71ec47ae763c5c6f8db7064f,91350,porto alegre,RS
6860153b69cc696d5dcfe1cdaaafcf62,13360,capivari,SP
e99e927c81e3f51739c94fcdfca9f10f,38400,uberlandia,MG
066a6914e1ebf3ea95a216c73a986b91,85863,foz do iguacu,PR
6d66611d7c44cc30ce351abc49a68421,04378,sao paulo,SP
3d8fa2f5b647373c8620330c4e077a9f,03031,sao paulo,SP
76d5af76d0271110f9af36c92573f765,03194,sao paulo,SP
729f06993dac8e860d4f02d7088ca48a,13481,limeira,SP
cc419e0650a3c5ba77189a1882b7556a,09015,santo andre,SP
0df3984f9dfb3d49ac6366acbd3bbb85,32604,betim,MG
994f04b3718c2bab35c2adfa8afecd2a,13912,jaguariuna,SP
ce248b21cb2adc36282ede306b7660e5,89251,jaragua do sul,SC
7ad32824caee82087b3e2e5f33b1bf32,14940,ibitinga,SP
de722cd6dad950a92b7d4f82673f8833,51250,recife,PE
b16d3dadc47d4eb18be3d88bad0775ce,93608,estancia velha,RS
5c3460cd3e8a984382ae254e7dd20d9f,15085,sao jose do rio preto,SP
dc317f341ab0e22f39acbd9dbf9b4a1f,94910,cachoeirinha,RS
1b8356dabde1d35e17cef975c3f82730,03477,sao paulo,SP
6039e27294dc75811c0d8a39069f52c0,06162,osasco,SP
b45d7ebfb7378630f1bcd74b6ff86ff7,30285,belo horizonte,MG
916c9de0b5ad957346eeeb12f332687e,80240,curitiba,PR
c68fb906c8f4b4b946d8386bfa6e5467,14870,jaboticabal,SP
93dc87703c046b603023e75222018b45,30315,belo horizonte,MG
1127b7f2594683f2510f1c2c834a486b,13087,campinas,SP
822166ed1e47908f7cfb49946d03c726,25803,tres rios,RJ
b2ba3715d723d245138f291a6fe42594,03470,sao paulo,SP
fcb5ace8bcc92f75707dc0f01a27d269,07032,guarulhos,SP
8931a84a914b3fe9b1ddaa4d704947ca,08410,sao paulo,SP
7681ef142fd2c19048da7430856b5588,07074,guarulhos,SP
7ddcbb64b5bc1ef36ca8c151f6ec77df,04403,sao paulo,SP
3481aa57cd91f9f9d3fa1fa12d9a3bf7,13360,capivari,SP
bd0389da23d89b726abf911cccc54596,71691,brasilia,DF
855668e0971d4dfd7bef1b6a4133b41b,13257,itatiba,SP
863d2ebcd347ce4922de7a0f9a5581d6,21041,rio de janeiro,RJ
1c68394e931a64f90ea236c5ea590300,87114,sarandi,PR
f63d8f293af3a6454377546bd9dd19ff,18110,votorantim,SP
6bb0724edf0b62fb91ac404873a97241,06700,cotia,SP
f593898ec748b7a8cb81fc04edafd98a,13920,pedreira,SP
77530e9772f57a62c906e1c21538ab82,80310,curitiba,PR
6a8b085f816a1f75f92dbac6eb545f8f,14709,bebedouro,SP
75fbb52eda0cbc24f479d3b2fbfa8d3e,74560,goiania,GO
062ce95fa2ad4dfaedfc79260130565f,95913,lajeado,RS
582d4f8675b945722eda7c0cb61ba4c7,11250,bertioga,SP
02d35243ea2e497335cd0f076b45675d,59077,natal,RN
1c129092bf23f28a5930387c980c0dfc,02972,sao paulo,SP
b499c00f28f4b7069ff6550af8c1348a,13481,limeira,SP
7a2d2949aea47fab95fd98d6c9f618b1,81350,curitiba,PR
fad44952713764836814be105382aee5,21340,rio de janeiro,RJ
f1ed6bd0a9b11b581f16c851c6a5a527,90240,porto alegre,RS
95e03ca3d4146e4011985981aeb959b9,21210,rio de janeiro,RJ
1d503743d2526f03f0c2c89540ee008c,01035,sao paulo,SP
df560393f3a51e74553ab94004ba5c87,87900,loanda,PR
6fd52c528dcb38be2eea044946b811f8,08180,sao paulo,SP
20cb7c2fde3e5bf10f0bbe7394e1c6a9,86385,andira-pr,PR
4c2b230173bb36f9b240f2b8ac11786e,03933,sao paulo,SP
81336a0f57a33776419727a300249e90,13560,sao carlos,SP
49e7217cfe4e427191c378ec626d8737,35570,formiga,MG
392e0502231ae2f8b29994ef6398cd77,18760,cerqueira cesar,SP
5d0363b33554b373851fc1622e4d5f3c,12952,atibaia,SP
fa3a0b5aabb344b9a92e3524b0202123,83020,sao jose dos pinhais,SP
d79e8478eed9999493990b44955fb22e,20081,rio de janeiro / rio de janeiro,RJ
7f2617c58d5d06806987308b45654351,04571,sao paulo,SP
04ee0ec01589969663ba5967c0e0bdc0,95910,lajeado,RS
4e922959ae960d389249c378d1c939f5,12327,jacarei,SP
8581055ce74af1daba164fdbd55a40de,07112,guarulhos,SP
c33847515fa6305ce6feb1e818569f13,88359,brusque,SC
c66dccfb3f109511246da627dd5a2498,11900,registro,SP
d921b68bf747894be13a97ae52b0f386,35570,formiga,MG
c8417879a15366a17c30af34c798c332,04445,sao paulo,SP
2528513dd95219a6013d4d05176e391a,06060,osasco,SP
730937bf88cb151eb2eb849f642fc213,13500,rio claro,SP
440dd6ab244315c632130ecfb63827b1,15502,votuporanga,SP
666658b8da8370f30e1f89893b1de5e6,03658,sao paulo,SP
45d33f715e24d15a6ccf5c17b3a23e3c,18015,sorocaba,SP
16090f2ca825584b5a147ab24aa30c86,12940,atibaia,SP
b561927807645834b59ef0d16ba55a24,02955,sao paulo,SP
213b25e6f54661939f11710a6fddb871,13321,salto,SP
78c99c6dff4eeae5be99bf635ed21e3f,17510,marilia,SP
56642bcb79900e777d68e91915cb4267,03701,sao paulo,SP
a69aa24cec11168e7e39a3fbc727e925,06330,carapicuiba,SP
343e716476e3748b069f980efbaa294e,13033,campinas,SP
643214e62b870443ccbe55ab29a4dccf,02134,sao paulo,SP
ce27a3cc3c8cc1ea79d11e561e9bebb6,03006,sao paulo,SP
0241d4d5d36f10f80c644447315af0bd,80330,curitiba,PR
8e8a7ce9f2f970dc00e2acf6f6e199f6,24710,sao goncalo,RJ
729b2d09b2a0bdab221076327f13d050,17320,mineiros do tiete,SP
897060da8b9a21f655304d50fd935913,14092,ribeirao preto,SP
09f952a5f58d2285b0372551ae8f9b01,09725,sao bernardo do campo,SP
557f22c76691849db52d2abccf0015d0,75650,morrinhos,GO
1dd33b8119b3cb1056ed5dc88cd0aaf4,04710,sao paulo,SP
520b493b57809f446cb0a233bb3e25c7,11075,santos,SP
d13e50eaa47b4cbe9eb81465865d8cfc,09210,santo andre,SP
5c6d4016c2a288f074fa0848a2b653d2,01209,sao paulo,SP
da8622b14eb17ae2831f4ac5b9dab84a,13405,piracicaba,SP
5151aea44289d6c6b090ee31c2132508,17515,marilia,SP
5f1dc28029d2c244352a68107ec2b542,05126,sao paulo,SP
710e3548e02bc1d2831dfc4f1b5b14d4,86600,rolandia,PR
9d4db00d65d7760644ac0c14edb5fd86,18025,sorocaba,SP
d4f117125b59ce73c3302f88ee40c458,04058,sao paulo,SP
30a2f535bb48308f991d0b9ad4a8c4bb,13457,santa barbara d'oeste,SP
1336efc61c316ddf92c899eb817f7cae,19800,assis,SP
620c87c171fb2a6dd6e8bb4dec959fc6,25645,petropolis,RJ
88460e8ebdecbfecb5f9601833981930,87030,maringa,PR
7d76b645482be4a332374e8223836592,01511,sao paulo,SP
cac4c8e7b1ca6252d8f20b2fc1a2e4af,13347,indaiatuba,SP
01fd077212124329bac32490e8ef80d9,14079,ribeirao preto / sao paulo,SP
06a2c3af7b3aee5d69171b0e14f0ee87,65072,sao luis,MA
2e90cb1677d35cfe24eef47d441b7c87,02285,sao paulo,SP
c794dab4928dd97beb41d05514441e86,13160,artur nogueira,SP
c510bc1718f0f2961eaa42a23330681a,13330,indaiatuba,SP
edd066cd02126d7800f9b66e980e9931,70070,brasilia,DF
2e1c9f22be269ef4643f826c9e650a52,04850,sao paulo,SP
d1c281d3ae149232351cd8c8cc885f0d,14940,ibitinga,SP
3ade81dab5a172b88e1871c28ae05260,15076,sao jose do rio preto,SP
562fc2f2c2863ab7e79a9e4388a58a14,13070,campinas,SP
7dc8c42cc750eeafea6c85712ffee9bf,05424,sao paulo,SP
960945e1a9535cbc0cd6ddd35fbe7ae8,08290,sao paulo,SP
522620dcb18a6b31cd7bdf73665113a9,85801,cascavel,PR
d32e3909cfb714fb2a6cb092c85b9c5f,13215,jundiai,SP
ce7d1888639e6fb06b2749cbfdac1ff7,37443,baependi,MG
85d9eb9ddc5d00ca9336a2219c97bb13,31255,belo horizonte,MG
a673821011d0cec28146ea42f5ab767f,03809,sao paulo,SP
973f21788dfab357250f69a8dcb7ddee,35530,claudio,MG
11bfa66332777660bd0640ee84d47006,14085,ribeirao preto,SP
aac29b1b99776be73c3049939652091d,38408,uberlandia,MG
54a1852d1b8f10312c55e906355666ee,13456,santa barbara d'oeste,SP
c826c40d7b19f62a09e2d7c5e7295ee2,07133,guarulhos,SP
3c3017960b2dbd72711a61f0400aab8f,89251,jaragua do sul,SC
113e3a788b935f48aad63e1c41dac1bd,12570,aparecida,SP
d12c926d74ceff0a90a21184466ce161,02634,sao paulo,SP
f7ccf836d21b2fb1de37564105216cc1,14940,ibitinga,SP
4830e40640734fc1c52cd21127c341d4,03573,sao paulo,SP
dbb9b48c841a0e39e21f98e1a6b2ec3e,03929,sao paulo,SP
d29ba1220fb8634fa3a107e54497b8a4,13560,sao carlos,SP
cca3071e3e9bb7d12640c9fbe2301306,14940,ibitinga,SP
7f7b8245c336066a1f9933c359f11d77,13800,mogi mirim,SP
8648b1e89e9b349e32d3741b30ec737e,12308,jacarei,SP
efcd8d2104f1a05d028af7bad20d974b,16012,aracatuba,SP
b39d7fe263ef469605dbb32608aee0af,14940,ibitinga,SP
f27e33c6d29b5138fa9967bcd445b6d5,04273,sao paulo,SP
55d3daac7c404d59e51c2aa2f4dc5a23,02150,sao paulo,SP
659e8466eb3ff1b0e8740d74fb7bbedd,45820,eunapolis,BA
98dac6635aee4995d501a3972e047414,02030,sao paulo,SP
3d39fbf22a665714baf62fae36029e23,13040,campinas,SP
a1bea7061f61f6fdd9a85a6325ba1033,06311,carapicuiba / sao paulo,SP
606ce7768feac12c5e8bd58db8b08f0f,13084,campinas,SP
0d85bbda9889ce1f7e63778d24f346eb,38414,uberlandia,MG
f181738b150df1f37cb0bd72e705b193,06317,carapicuiba,SP
bd4889b5e9133b35b66e42a8665cea5c,02963,sao paulo,SP
3be634553519fb6536a03e1358e9fdc7,08275,sao paulo,SP
23d7c96d4a1160db1c726b248601b25a,13360,capivari,SP
e5475dcab1e07b63d7f6e902d8f5eda8,09921,diadema,SP
7a67c85e85bb2ce8582c35f2203ad736,03426,sao paulo,SP
0ea22c1cfbdc755f86b9b54b39c16043,35700,sete lagoas,MG
bbaff50f3b708fda865918715276cd87,12940,atibaia,SP
db2956745b3a8e9f3785c99f34b5d25e,11600,sao sebastiao,SP
232a6014e7b10cba61c6c2b2ea6bb4b0,16500,cafelandia,SP
f435898e493ba0356019a0b1cb8b55b1,81720,curitiba,PR
edb1ef5e36e0c8cd84eb3c9b003e486d,25957,teresopolis,RJ
53b0300ca793f9834cd69c0678d35ee8,13339,indaiatuba,SP
36a968b544695394e4e9d7572688598f,11010,santos,SP
4b5f66b7adcf57f1ecc0d3c07dd6b177,87025,vendas@creditparts.com.br,PR
8160255418d5aaa7dbdc9f4c64ebda44,14940,ibitinga,SP
4c03b9dd4c11ee2cb35c96c49efc9420,13232,campo limpo paulista,SP
a5a1bfcf728ab0e19182959cf0771ee4,13960,socorro,SP
282f23a9769b2690c5dda22e316f9941,31573,belo horizonte,MG
8f119a0aee85c0c8fc534629734e94fd,06440,barueri,SP
b1fc4f64df5a0e8b6913ab38803c57a9,24440,sao goncalo,RJ
c003204e1ab016dfa150abc119207b24,07790,cajamar,SP
5656537e588803a555b8eb41f07a944b,72015,brasilia,DF
213fafb0ca06fb3d5886579c2565791b,35700,sete lagoas,MG
5dceca129747e92ff8ef7a997dc4f8ca,13450,santa barbara d´oeste,SP
3d871de0142ce09b7081e2b9d1733cb1,13232,campo limpo paulista,SP
86ccac0b835037332a596a33b6949ee1,89041,blumenau,SC
1bb2bdb95f4841f1bba2c0d2cd83d3c9,01257,sao paulo,SP
e0878efa0e0b7e5313ac0b43bc04c081,80230,curitiba,PR
e9d99831abad74458942f21e16f33f92,03542,sao paulo,SP
dc8798cbf453b7e0f98745e396cc5616,05455,sao paulo,SP
240b9776d844d37535668549a396af32,24120,niteroi,RJ
f5a590cf36251cf1162ea35bef76fe84,09720,sao bernardo do campo,SP
59cea8e446d3834393058e7e0666b6fb,87050,maringa,PR
1da3aeb70d7989d1e6d9b0e887f97c23,04265,sao paulo,SP
53e4c6e0f4312d4d2107a8c9cddf45cd,13920,pedreira,SP
8ca1551acf9832a4cf467bbbac15851f,83607,campo largo,PR
0509040ea3fe50071181bbc359eb7738,31710,belo horizonte,MG
835f0f7810c76831d6c7d24c7a646d4d,08030,sao paulo,SP
5cf13accae3222c70a9cac40818ae839,38700,patos de minas,MG
96804ea39d96eb908e7c3afdb671bb9e,38950,ibia,MG
ac3508719a1d8f5b7614b798f70af136,92030,canoas,RS
4a3ca9315b744ce9f8e9374361493884,14940,ibitinga,SP
f35becee938e982bd615edf8ef12bcfb,19160,alvares machado,SP
634964b17796e64304cadf1ad3050fb7,21840,rio de janeiro,RJ
3078096983cf766a32a06257648502d1,13720,scao jose do rio pardo,SP
b33e7c55446eabf8fe1a42d037ac7d6d,14850,pradopolis,SP
218d46b86c1881d022bce9c68a7d4b15,14070,ribeirao preto,SP
dfc475d54e1b6dbeeb7d7d9bdaa63827,81460,curitiba,PR
813348c996469b40f2e028d5429d3495,13206,jundiai,SP
3b15288545f8928d3e65a8f949a28291,14940,ibitinga,SP
cce6ab8d1682639fe45ab70234f1665f,81020,curitiba,SP
f41ce2e25237f9092cd8e6e7516c7a2f,07013,guarulhos,SP
8e6cc767478edae941d9bd9eb778d77a,38442,araguari,MG
52d76513f0c4d97f3b99570e2c94ee31,93348,novo hamburgo,RS
3f8034bfc6b8b4135534975d49f04c63,81560,curitiba,PR
bd23da7354813347129d751591d1a6e2,03971,sao paulo,SP
7238a95bb63ef7e498389fb863b834a1,13487,limeira,SP
8f2ce03f928b567e3d56181ae20ae952,05141,pirituba,SP
d4e12e7884759a14fa0f5f896c791cae,02242,sao paulo,SP
e24fc9fcd865784fb25705606fe3dfe7,12913,braganca paulista,SP
afe0067131b73e40875c9b6c10bd2e21,35590,lagoa da prata,MG
8a32e327fe2c1b3511609d81aaf9f042,02443,sao paulo,SP
d23019c84ffae2d5ef2270367b8605fc,86073,londrina,PR
4a1f694197d05fe70026b016a7316b41,13920,pedreira,SP
4869f7a5dfa277a7dca6462dcf3b52b2,14840,guariba,SP
37515688008a7a40ac93e3b2e4ab203f,17900,dracena,SP
080102cd0a76b09e0dcf55fcacc60e05,31140,belo horizonte,MG
17306570e772e7718c92a562d33f5f1d,17250,bariri,SP
71039d19d4303bf9054d69e9a9236699,03018,sao paulo,SP
4d6d651bd7684af3fffabd5f08d12e5a,17209,jau,SP
b76dba6c951ab00dc4edf0a1aa88037e,03237,sao paulo,SP
b4ffb71f0cb1b1c3d63fad021ecf93e1,03880,sao paulo,SP
33576ec5412fb5905d876f12f33bfde6,80040,curitiba,PR
056b4ada5bbc2c50cc7842547dda6b51,26379,queimados,RJ
34056b8b55c1775a22af2331670a799c,16304,penapolis,SP
23c38debaffe4a25a30fdbd9b586a13f,18110,votorantim,SP
75d34ebb1bd0bd7dde40dd507b8169c3,41820,salvador,BA
13074f016982ff2bd6c58ced8682f000,95705,bento goncalves,RS
1f1bb1f0859883505541bdd6606193e5,02124,sao paulo,SP
403aa86912527d730337ffcb0fb096ab,30220,belo horizonte,MG
1025f0e2d44d7041d6cf58b6550e0bfa,03204,sao paulo,SP
c5f7feb04a6a1fb3596322bfc3cf1917,09571,sao caetano do sul,SP
891071be6ba827b591264c90c2ae8a63,03872,sao paulo,SP
3c4e0452bff7a2a788179488d3d77032,83408,colombo,PR
50a7e551a7b3f8d37cd6e32d8bfbe5ea,09520,sao caetano do sul,SP
827f8f69dfa529c561901c4f2e0f332f,81880,curitiba,PR
59fb871bf6f4522a87ba567b42dafecf,03655,sao paulo,SP
a1043bafd471dff536d0c462352beb48,37175,ilicinea,MG
92eb0f42c21942b6552362b9b114707d,03504,sao paulo,SP
8e4f041ff58e7845456d3482524014b3,90250,porto alegre,RS
0db783cfcd3b73998abc6e10e59a102f,11010,santos,SP
431af27f296bc6519d890aa5a05fdb11,14110,ribeirao preto,SP
0be8ff43f22e456b4e0371b2245e4d01,04461,sao paulo,SP
1835b56ce799e6a4dc4eddc053f04066,14940,ibitinga,SP
5c243662ce92d84573bfaff24c3e3700,03702,sao paulo,SP
4559697a8f7e637227c2eeaed843baff,19029,presidente prudente,SP
42fa4ee7240e9b8eb4576358ec142ba7,95012,caxias do sul,RS
e8f6dc8e6a1dcde89d20e3995c8d90b3,03476,sao paulo,SP
128f9bfbe4c7d5185033914b1de3d39a,12940,atibaia,SP
f8db351d8c4c4c22c6835c19a46f01b0,13324,salto,SP
353e21e8bf8de2722b4fae1636664b76,92120,canoas,RS
1ca7077d890b907f89be8c954a02686a,06506,santana de parnaiba,SP
d566c37fa119d5e66c4e9052e83ee4ea,04131,sao paulo,SP
2199e7fe213c16213bf5d6a7eadc9a5d,11900,registro,SP
e333046ce6517bd8bb510291d44f0130,18950,ipaussu,SP
83e197e95a1bbabc8c75e883ed016c47,25900,mage,RJ
5f0057b677eb963672bf05dfa3f16c34,01309,sao paulo,SP
17f51e7198701186712e53a39c564617,03908,sao paulo,SP
b67d6c666e8dce1d078c882825e12704,03641,sao paulo,SP
fa14641f57b655e933124a9ea49cd7a5,01310,sao paulo,SP
70a12e78e608ac31179aea7f8422044b,12327,jacarei,SP
a00824eb9093d40e589b940ec45c4eb0,18590,bofete,SP
808d4348b916efa08e766ebad39f61eb,02336,sao paulo,SP
d94a40fd42351c259927028d163af842,37443,baependi,MG
6288c69c4ce638e59925e59193f98b16,09010,santo andre,SP
46dc3b2cc0980fb8ec44634e21d2718e,22240,rio de janeiro,RJ
58f1a6197ed863543e0136bdedb3fce2,36407,conselheiro lafaiete,MG
cac876b37d3abcd6bd76caca30277996,85816,cascavel,PR
70eea00b476a314817cefde4aad4f89a,13250,itatiba,SP
c840d3fdbba0790404fdae73d253b253,81530,curitiba,PR
42bde9fef835393bb8a8849cb6b7f245,71551,brasilia,DF
66922902710d126a0e7d26b0e3805106,31842,belo horizonte,MG
1900267e848ceeba8fa32d80c1a5f5a8,14940,ibitinga,SP
525e75a6fb1454a2325ab1734bcec221,06453,barueri,SP
31da954dc0855f2495c6310f70a2f931,13601,araras,SP
e2aee0892199b1d92530e371abd825bf,86600,rolandia,PR
870d0118f7a9d85960f29ad89d5d989a,37708,pocos de caldas,MG
a3dd39f583bc80bd8c5901c95878921e,41342,salvador,BA
21e83881401b92b49fb09a16d3852291,38405,uberlandia,MG
daeb5653dd96c1b11860f72209795012,31310,belo horizonte,MG
c70c1b0d8ca86052f45a432a38b73958,13186,hortolandia,SP
7bac63f6603d382cc8d0832eb6c100a8,05713,sao paulo,SP
f8201cab383e484733266d1906e2fdfa,88137,palhoca,SC
