product_id,product_category_name,product_name_lenght,product_description_lenght,product_photos_qty,product_weight_g,product_length_cm,product_height_cm,product_width_cm
b5cfb1d3c5e435a7a52227e08f220ee7,cool_stuff,55,410,2,1300,36,16,24
be1be330cf34043d1c40d6114cbd11b5,relogios_presentes,51,484,1,317,19,13,16
07f01b6fcacc1b187a71e5074199db2d,agro_industria_e_comercio,39,430,1,16400,63,66,56
f4d705aa95ccca448e5b0deb6e5290ba,cama_mesa_banho,57,74,1,250,20,2,15
bbaef2eadf31fe3ea6702077398be06c,perfumaria,45,1003,2,400,18,11,11
3fc3d637781e5d185455013606a6e2cd,eletronicos,32,1274,1,250,16,10,30
e2c3ed9aaddfd2312a6a5fe9b3ddadd3,brinquedos,53,579,1,675,22,24,21
71c808620fa8dafbe6cd6c638cc67567,esporte_lazer,58,568,4,200,26,5,20
de984954e2e130136bcf8988bc973d90,instrumentos_musicais,40,234,1,1000,56,9,22
c6336fa91fbd87c359e44f5dca5a90ed,esporte_lazer,39,772,1,150,16,16,11
c354569eefd558bf201d0aedf35608ed,cama_mesa_banho,55,166,1,700,49,4,50
3931aaf38ba4cc928100541ff51b82ff,informatica_acessorios,45,554,3,400,16,4,16
7193329f650facb78de86a2e0b771e2f,beleza_saude,57,1668,1,850,18,10,14
12827caf723c4ff8030d64dcffe3cdab,beleza_saude,59,3939,6,150,28,13,12
860dd3635c61aba2d7ddea90b7d471b2,beleza_saude,50,1083,2,452,20,11,18
a963ea4d494221de09b70f1b4a70edbd,informatica_acessorios,58,240,1,150,35,8,11
0eb8e03d4ef83152c4642b606b5bbdec,moveis_decoracao,47,348,1,2900,40,10,35
bdb0b11a36aed4d0d862a7037c838560,telefonia,45,742,3,383,16,12,13
e792f2bb275bdea9b6076c2acbb5abcd,perfumaria,47,1090,1,850,16,14,11
dd1b2eb34840957a13204dd3dbc588bd,cool_stuff,52,673,1,175,30,20,25
53b36df67ebb7c41585e8d54d6772e08,relogios_presentes,33,523,3,584,16,11,13
29e4631be78811ab993ae12613053b53,automotivo,58,623,1,3100,70,8,70
ea44caac707f7f1325182a538007f838,bebes,59,809,5,6600,45,25,35
d8347a6f6301cb4343a6e05e095e5871,papelaria,60,815,5,1150,21,15,15
7642ddbf174d9a97119510f56be6c201,brinquedos,55,1131,3,1950,30,35,35
31a2f42a87890f87d77daebdfabc182e,brinquedos,58,419,5,1700,30,35,25
c033d17d5564326cf7986e7ffda1cf60,beleza_saude,55,865,4,1350,42,12,11
901d948bd60c35ff015aa3a8fe28b610,informatica_acessorios,30,642,2,200,20,10,15
962a6951154f98f2c8e9a5b8b2bcf4a9,moveis_decoracao,47,610,1,2550,30,35,30
92ee7c820f6eb0c532ecd94508e3cc29,audio,37,329,4,200,18,6,16
b53f20c2b12a4b9821ce57f46a7d1cae,esporte_lazer,54,1786,1,150,20,20,20
ead3077a141a9c800d6a4bb9d0d415b6,cama_mesa_banho,60,662,1,1150,22,4,28
256c61261c818dab727fa2a60d8964ca,moveis_escritorio,53,1092,1,8638,51,62,26
e4e9fa024c5f014419b395452a41987c,esporte_lazer,59,355,1,3450,16,105,55
cc5447118c174dcc6456c84ccb29e6f7,perfumaria,25,549,1,550,19,13,18
eba7488e1c67729f045ab43fac426f2e,perfumaria,43,259,1,610,22,14,16
819386cf1eea26ae023a2895cd2f73d1,construcao_ferramentas_construcao,60,1295,1,2100,54,10,11
52e9413ed0d3e64b796aac2bc2291d50,esporte_lazer,54,790,6,200,17,10,11
154e7e31ebfa092203795c972e5804a6,beleza_saude,48,575,1,100,20,15,15
a2a7efc985315e86d4f0f705701b342b,informatica_acessorios,45,837,1,1133,16,15,20
a8f6902216234a2535986d89451f9ad7,telefonia_fixa,42,938,2,800,16,28,25
a448325c57fbf792a2f6ac7d1b730917,climatizacao,63,1729,3,4800,72,5,11
0d90fced28b749fa0468818d98cb8212,beleza_saude,42,534,1,983,41,23,35
fe7d52482b17e6b3466f4b8f3ce51a9e,beleza_saude,45,3059,3,250,23,7,15
2ccd049c8e7ea210e079a1aa8ad92477,papelaria,54,218,3,6900,28,55,37
4fde8dfa310a17fa27bd63e6607dcd2d,cama_mesa_banho,48,2139,1,1700,30,23,11
8e3a9b154a86602302ce789b9eb8b6c7,beleza_saude,46,862,1,700,25,12,19
41801d2ed5124923137ec39aeeea1e93,utilidades_domesticas,51,444,1,8525,27,58,28
dd12801e4d1919e84bf6f90167f22fb5,fashion_roupa_feminina,58,360,4,450,16,5,20
7f4e034245e45549110139d1de248f83,bebes,55,1629,1,600,20,13,13
88dd63919fc9ab693803578a04a20209,informatica_acessorios,58,395,1,217,16,14,14
1491a8ff192d4b5c369b0eaa2fe33ee5,cama_mesa_banho,46,162,5,4600,60,19,50
158102fe543dbaeb84d87811bfe06d0d,moveis_decoracao,56,646,1,300,16,30,20
9163c7e81fd68452472912c4cde810aa,instrumentos_musicais,59,153,2,300,16,5,20
78efe838c04bbc568be034082200ac20,moveis_decoracao,57,272,1,2500,40,10,30
16ed6a6e3fce23b741650437fe58d65b,utilidades_domesticas,49,1226,1,750,35,15,35
7bdb28a55646012fb3348058d629d9bc,instrumentos_musicais,55,541,3,2750,103,12,17
e6fd80a00ebb1a3e0d58a38555fbbf2c,informatica_acessorios,31,600,2,500,19,9,16
1c21c1ed398eae61184065889ca3d4b0,cama_mesa_banho,51,324,1,900,42,8,37
0dadef6ed70b861b14eddb3a3ca6b73e,construcao_ferramentas_construcao,60,1450,4,300,16,16,16
0254a096e569c4a89b6870e9d4a65c3c,papelaria,55,971,4,600,25,12,28
87cb507e0daa37bbf34956fd59eba832,relogios_presentes,55,167,2,250,16,2,11
f111bc943c81722e3b96cb1d089026fb,automotivo,55,925,2,3300,65,25,25
47c064333cf67e5cdc8243db3f095767,utilidades_domesticas,63,369,3,1000,30,5,35
e8df9b80f414e3e2d604977ac52932df,moveis_decoracao,56,796,2,550,65,11,11
f422d0d9f8b5f7c27289382b14b61248,brinquedos,63,361,3,1800,38,12,35
2a5806f10d0f00e5ad032dd2e3c8806e,moveis_escritorio,46,1350,1,11875,57,55,22
6f8ea11c0086a0d13355abc5ee14cc7d,esporte_lazer,38,680,1,241,19,15,16
2028bf1b01cafb2d2b1901fca4083222,perfumaria,54,1536,2,250,20,8,21
5554c5718f820a868853dbc5ca859b3b,esporte_lazer,40,595,1,3100,19,19,11
3225c54bb2785c33f49f50398fcdb88c,relogios_presentes,47,547,1,269,17,11,13
e37d07fe13615c6846d4b3911415d963,bebes,45,811,5,600,32,11,32
7c1bd920dbdf22470b68bde975dd3ccf,beleza_saude,59,492,2,200,22,10,18
a1efe4a86746c22541813e22e1d23e33,cama_mesa_banho,52,289,1,1950,34,9,33
e5eadf9be70a4a9fa514019542fc330a,eletrodomesticos,48,543,2,1200,35,20,30
38fbe42a76e0c841c9445467b7e5ab30,cama_mesa_banho,45,734,5,550,16,10,11
b3e40ff639c185b9d726b4b19c17e6cd,cool_stuff,55,934,1,2150,42,25,15
f18b93fa1044028aa85eb5a0b3ac236a,moveis_decoracao,52,322,5,1150,30,20,30
57f2bc497c1a3ebe41ba7a06d78ed159,relogios_presentes,55,336,4,250,16,2,20
1a758361b1c10b3ffe3d3373332de319,esporte_lazer,56,819,4,175,17,10,13
0b48dc720b9a40d75ce14eda10be0922,moveis_cozinha_area_de_servico_jantar_e_jardim,59,558,5,6950,47,23,37
981f6a96c09b7d28e5c5f2fbb282fcde,cama_mesa_banho,41,596,4,1750,50,10,40
72f78c618c8f81c2b8f0ffd2a51293b4,esporte_lazer,49,493,5,1800,52,8,21
6e415cdc78febbdbe465df65d52dbc19,bebes,60,1110,3,450,25,16,29
d66eeeb49d2801f33401c8c6828aee40,automotivo,23,312,1,700,25,20,20
d64615580eb89e5d9a6ae0e37135a5fe,,,,,300,16,7,11
4724ffa427f315c485e39b02e21859b2,beleza_saude,52,1059,6,550,16,9,11
ee5329ffbe604bebcf84b2fd7792024e,beleza_saude,53,84,1,250,23,7,15
33cd5581eb3d0497d9af68a34603ec7e,relogios_presentes,60,724,1,400,28,10,18
1613b819ab5dae53aead2dbb4ebdb378,automotivo,60,982,2,50,17,10,15
33fac76e7f17367dedaef7954bbb33b4,beleza_saude,63,1113,2,550,20,20,20
a0ef8572cd061badd81ffc48dc04d1fa,moveis_decoracao,55,130,1,2000,40,11,34
4f8b31aef15b3f6b4c3cd34e74976494,brinquedos,56,194,1,475,54,13,26
4298b7e67dc399c200662b569563a2b2,informatica_acessorios,58,420,1,200,21,14,15
1b7b45fba5ad23e8117914f8b36e6772,esporte_lazer,46,1277,5,1600,42,10,22
4925baf29078761c66f5f32ac8568abe,papelaria,57,687,4,300,30,15,18
d065729477709c73459cad1d32cf311f,brinquedos,43,225,1,650,45,15,35
8efcb24ccca088a16dab13882f1c45e0,cool_stuff,46,573,1,300,26,5,21
8347d3b517ab185dea43991aebb46737,cama_mesa_banho,50,228,1,200,32,3,23
262573ecc3b4b8c70a61fbc90671efa4,fashion_bolsas_e_acessorios,32,216,3,250,20,9,11
bb42f37fc3d9130e4a4339d24a47dd7c,cama_mesa_banho,59,81,1,400,20,2,15
2c65cb7e002dd5aa378a903a98272c29,moveis_decoracao,57,268,1,1500,40,6,32
b7a89537c40b1f5a18b5ba75dbb91cbe,instrumentos_musicais,49,1051,1,594,20,15,16
caa41bf17e27022341da028e79152c4c,beleza_saude,60,365,1,180,16,13,11
9a07babc9b1d5d84b1e2422f8b55fd42,relogios_presentes,57,462,1,475,26,13,16
b8ded693eefc7fd6fae337f6c202093e,automotivo,55,790,3,100,24,13,19
8f41c6ba389c91b377bba94e332bf925,cama_mesa_banho,60,600,1,1200,20,12,20
738da8ddda2e593acfdc53c2d1520dfa,instrumentos_musicais,63,950,9,8350,105,12,45
8e371c2303bcf90383f6cebd67f2dffe,brinquedos,48,236,1,450,45,15,35
3eef0cb94ba82de806bb30ab743c7655,moveis_escritorio,26,1177,1,11880,50,60,27
1d7db62a21ffb4f220d3e8a05fa77e02,fashion_bolsas_e_acessorios,22,328,3,100,16,13,11
6eb70dfb283dc3f645ed7b03c990dc72,audio,31,251,2,343,19,11,13
4fcb3d9a5f4871e8362dfedbdb02b064,automotivo,53,603,1,5950,65,11,65
368c6c730842d78016ad823897a372db,ferramentas_jardim,57,366,2,1650,30,22,30
8338cef8355d238f43711dcb9c0657b2,moveis_decoracao,59,473,1,700,30,3,20
adcfd260203f2ab192f83edb46d0f83f,moveis_decoracao,18,164,2,500,22,19,13
c10a7001e8b49dfc03817444b5f2ed81,relogios_presentes,46,670,1,500,16,2,11
261244fc4d0197d8772346872f5b0f5e,moveis_cozinha_area_de_servico_jantar_e_jardim,54,785,5,975,41,12,12
789ad1b65fbd127472ba15371dd1144a,alimentos,58,3815,3,3150,30,28,28
cda185193c72c0eb8dde03f20f101230,utilidades_domesticas,57,1782,1,1100,24,24,24
6456fdf43df7d711b98d91fe574e43d4,informatica_acessorios,60,1328,5,150,28,8,12
cd46a885543f0e169a49f1eb25c04e43,informatica_acessorios,58,1390,2,3475,54,13,48
2132979d9b6f64e99b8c9bb4da4e0323,informatica_acessorios,12,676,2,496,36,13,35
d58118713a21b8177e844c58eb83efe7,utilidades_domesticas,59,212,2,500,36,10,13
93fd807bea9d7cf539c1f5e0ef7ab1b5,moveis_decoracao,60,258,2,1000,25,37,36
e3a67a7350378910b2eb888ba9d2d095,telefonia,50,519,1,100,18,6,11
e251ebd2858be1aa7d9b2087a6992580,ferramentas_jardim,34,511,4,8875,40,14,43
c689470c5a069795896edc7b896d9251,cama_mesa_banho,63,837,1,1300,43,5,30
8bab563be2e3316280e3990af91da7b7,eletronicos,49,190,1,133,18,11,14
87a9863375a0a462b168cb02bdad360c,bebes,58,1083,1,383,22,14,17
404a57563d487aecbc2b1a01d9b89aab,cama_mesa_banho,62,313,1,3500,45,15,35
e2c49770bf52260e9960ccefdd38e960,beleza_saude,45,1031,1,400,16,16,16
a37d9bc434c151e3a32418b241a13bf0,perfumaria,56,505,3,400,20,6,20
ab1f9387c0627dd24000bfbc54fdeee0,eletronicos,45,456,1,175,22,11,16
46255a421f244cd985f138a63d77d09c,,,,,15500,51,50,36
aa280035c50ba62c746480a59045eec4,brinquedos,56,678,3,200,16,8,11
64b4f32393cbf55be791078e7a2adca0,relogios_presentes,56,817,1,50,16,8,16
4630761de87581e8b659dc77bb7eb4ee,malas_acessorios,52,220,1,650,46,10,34
7fdff1c504647eff040e08cd98ce3210,brinquedos,43,2239,2,200,17,21,11
db91bca0e0253d71433c22ac5acd0fbe,papelaria,45,513,2,575,23,26,14
2ab3eebb03e660d44470d936c0f20bb6,esporte_lazer,56,788,3,300,22,6,16
3ae810052cf18d30232367f0b45e284c,alimentos_bebidas,28,371,2,1200,23,12,19
aed75ad669fbebd5a385ac7cc2ae7573,beleza_saude,42,427,1,30000,50,75,56
f264c1d9b20b5e4a340254d0405e613b,cool_stuff,48,874,1,1050,42,25,15
547b95702aec86f05ac37e61d164891c,ferramentas_jardim,33,509,1,9100,42,13,39
233316af7adf040484dbeccfecad6042,cama_mesa_banho,33,254,1,1250,33,9,38
7564c1759c04fc0a38f2aa84f7a370ee,construcao_ferramentas_construcao,59,2432,3,1200,16,11,11
7b82c09aeb69b05e0a578a2ea97ed4a9,esporte_lazer,45,509,2,500,19,12,13
0e669e3efedd9f3ab75fcbe334e1177e,brinquedos,33,628,1,1310,60,12,24
23905e2fed49239bf63e416ba24bd556,malas_acessorios,60,2032,6,1100,25,25,25
211293b50935ced8d4370f552c482d74,bebidas,55,1736,3,226,18,16,16
2b4609f8948be18874494203496bc318,beleza_saude,59,492,3,250,22,10,18
1ad107de20364138356e19ab81369f04,utilidades_domesticas,57,754,1,750,25,42,21
5272c0e8bee8fadf0a2a23b5460da8c6,construcao_ferramentas_jardim,46,1612,1,325,18,16,13
0ef56954a7f2e8c36b83dadad90b9cc9,bebes,46,493,2,350,50,5,35
22594ba8fd9a72ad95d352929c821560,moveis_escritorio,31,1076,1,8450,53,50,16
69455f41626a745aea9ee9164cb9eafd,relogios_presentes,41,408,2,501,18,13,14
740867136b4bf7605e36c5913b91eb99,alimentos_bebidas,59,514,2,2800,27,19,24
cec09725da5ed01471d9a505e7389d37,esporte_lazer,52,1197,1,2500,20,11,11
1b474c650cb9407d32a1e066937b68fd,relogios_presentes,43,548,3,381,18,12,15
1164c17af70425821f88bfbdc9e907a3,bebes,44,282,1,550,50,10,50
3731dd5544cd9646d73050e946641da8,informatica_acessorios,58,459,1,4300,28,23,20
f2e53dd1670f3c376518263b3f71424d,cama_mesa_banho,53,236,2,1975,41,13,31
bd69e6d599b9a3d9c298617c14e46f9f,cama_mesa_banho,54,405,1,700,45,15,30
9988437646bfc0cbe0f97d4451cb08fc,eletrodomesticos,60,230,3,300,27,13,17
5ad2c4859aad6ecebd816a300d34f326,cool_stuff,57,2066,1,1650,33,44,19
0b9d32c4f39a77eca7f39c5b69ebc690,fashion_calcados,40,303,12,300,29,7,16
99f265229d46f700208ad7cb1ff48aae,telefonia,60,755,6,350,17,4,12
b917d488bd4ad4225f8d046a32e2d122,pet_shop,63,687,2,200,20,10,20
ab255f5e05402d14ba0dc69d530a5785,papelaria,39,210,2,1475,40,33,24
8cf306b87f5f0832d70505004465e39f,fashion_roupa_masculina,39,51,1,400,30,40,11
bb09e8007aff97a9452967b19430cf53,utilidades_domesticas,57,571,1,2350,25,30,25
98ec655119c24de03b804696821f3955,beleza_saude,46,586,1,200,20,20,30
466d5f5de92846a9674f3b34b3b922ad,moveis_decoracao,59,471,1,2100,30,5,20
96b84df3582b12cc062543cee325b38e,fashion_bolsas_e_acessorios,30,128,2,100,16,9,11
86b8032cbb666ec9ca1f2aa4d4cace06,esporte_lazer,52,801,5,418,18,7,13
2c23d4e9b76629ed407ba453e405034f,beleza_saude,48,426,1,800,18,18,18
ff8ff756fe1137ed22300ccd2190703a,eletronicos,51,521,1,200,21,7,18
6bbe55cf8f85c87b6eebb775a53402f4,tablets_impressao_imagem,54,512,1,283,22,12,21
8ed094bfe076c568f6bb10feada3f75d,moveis_escritorio,43,1128,1,16133,63,59,25
a1ead9010030ade9a219495543cd5c48,informatica_acessorios,54,714,3,1500,17,33,44
a0245537bc3dfec325899fcd716f70cc,instrumentos_musicais,55,968,5,6600,30,30,30
b008888e5e01a5c9da36306228e900d1,pcs,60,1091,1,12100,50,50,25
4aca38e787c979a6106440c7a63036b4,brinquedos,55,1107,1,1600,40,15,35
36f60d45225e60c7da4558b070ce4b60,informatica_acessorios,33,300,1,207,19,11,14
0f0d29cc7928e6e5d01afaa32e77c1e0,utilidades_domesticas,47,213,1,5400,36,15,29
09364ccfda8448d03ae4082f6044b16e,informatica_acessorios,56,924,1,200,16,10,16
a19b6951c75da43aad691622dd2f6abe,moveis_decoracao,44,789,1,650,20,35,20
3c5ba90e09547db90868e803d139de30,moveis_decoracao,20,262,1,8800,36,47,36
924b2122bcd5d6eb53d37a167d3b1d47,relogios_presentes,57,171,2,250,16,2,11
57d79905de06d8897872c551bfd09358,telefonia,59,540,4,300,17,4,12
bf04528618b481f107b7ea5747432102,eletrodomesticos_2,46,1147,2,300,16,11,16
be55ae76be8824525f40695d49a5a7b5,agro_industria_e_comercio,42,370,2,2350,18,36,18
f32415d23c358ef1e387a7d329d9ce9f,papelaria,59,276,2,550,66,12,12
f3637eb5ce07d19f2f9eca6bb7dc29d6,automotivo,52,666,1,700,16,11,11
575889c312f07612d39648ea61253cd5,telefonia,45,169,1,250,16,6,11
0eb5d1d033dcdd7b9b11658ce84ee8e9,pet_shop,54,350,1,350,16,4,11
3a362c0e7f9a69276e2d95869a3e143b,beleza_saude,60,919,1,150,22,3,15
7df273a844215f8c7bf5aca8266608e1,moveis_decoracao,59,1963,4,1300,69,11,11
0bcc3eeca39e1064258aa1e932269894,ferramentas_jardim,57,339,2,1800,37,22,40
c1ec41f62db54e0bfbca55a7068f0b5e,perfumaria,58,264,7,400,27,10,15
ebc5d9dbe580179bfd3d098c54748f56,utilidades_domesticas,57,594,1,2800,25,10,17
b2a40530065c5d88115cfa7560151794,perfumaria,55,888,1,125,16,7,16
9f19e22de208159e42e840d00e64ce93,brinquedos,43,785,1,250,25,3,18
deecc62b2db3d87ff4d9fe364fead01f,telefonia,59,2374,3,350,16,10,12
d767651561474e5b08ee9a2674146331,livros_interesse_geral,20,928,1,400,33,6,22
a0cd083b8a1be0f8c310806e72bf47f3,beleza_saude,38,998,4,300,20,11,11
60184212dae4e6b0da32bf54271a8c4a,relogios_presentes,59,476,2,394,17,11,14
0110986ff84d644fee920efb18577292,automotivo,56,660,5,2900,72,4,44
c4f2546fff25a5789819a7b943505bcf,fashion_bolsas_e_acessorios,33,353,1,50,17,3,12
4c2394abfbac7ff59ec7a420918562fa,beleza_saude,49,1495,3,600,33,19,13
e806a78165ce0f336140978e90640d27,bebes,46,807,4,5867,38,37,30
dd1247b741df1771259ee7beb0e4b8fc,relogios_presentes,52,716,4,200,16,2,11
ab330e1b64fde92d3b4d4d6980a38576,papelaria,18,346,2,150,16,5,15
54b755678728b84472c2b654ac4de777,alimentos_bebidas,26,2427,1,200,20,12,15
bd5b04e67f3659248acfb0c61c08a9c1,cama_mesa_banho,57,430,1,2750,42,11,36
99e57d3d6efd7ba6f8eaf59bf456179e,sinalizacao_e_seguranca,41,70,1,900,26,21,21
cf78006a2a6b0429b9663edd99bb38f9,moveis_decoracao,49,399,1,1900,28,19,21
a064fbd13bfd3d9654eeb35bb47d9caf,moveis_decoracao,58,249,1,1250,20,28,20
f77dd338d9f75229a09cbb9a18fd0c9a,cama_mesa_banho,42,734,5,400,20,20,20
86b29e90cab127b7231caf9eb85d4353,automotivo,62,530,1,1850,55,6,55
a49969155f3a64afc931fd281444b2b6,automotivo,50,263,3,900,35,7,35
137f49a66ce117db74acbaf30c047701,agro_industria_e_comercio,54,862,2,7050,99,5,80
37f4d0bf85fbf875c920d460766d6a5c,construcao_ferramentas_iluminacao,51,1512,6,500,35,14,23
a72df9d6b4412dbd03d886846a438a3c,consoles_games,39,1255,5,250,19,2,14
74d4aaa8660d96be90bdaaf7fbe60a6d,automotivo,48,169,3,1650,20,20,20
99b4367cf2228c8a86922a0649bee6b8,informatica_acessorios,46,135,1,400,35,35,25
9614dd0585b52cd086cbdcc2dd5fcda4,bebes,58,1045,2,800,42,25,15
3e6849c6e53482c55a97363674027b4a,beleza_saude,55,1201,1,200,37,10,17
945657481c47ca039e25c6b061eb9744,consoles_games,54,595,1,150,19,4,11
ca753b1e379d59868172ac9d8d62d14f,malas_acessorios,53,220,1,1000,46,10,34
543afaf83c3e39a4c4a6df503b65ff58,automotivo,29,374,1,10400,40,20,30
6ddc8b938d09dc6cdc48aff7252e5f0e,moveis_decoracao,55,1431,3,200,35,2,25
71a8ee0a8b3fe29f6d89c75e6c1d2dba,telefonia,58,305,1,150,19,4,11
c230b471b7e21ff9060e68ee154afd70,,,,,200,16,5,11
93a12c289ca2b78e7069e469f5053ef2,informatica_acessorios,55,408,1,233,16,14,15
a0fe1efb855f3e786f0650268cd77f44,agro_industria_e_comercio,35,380,1,125,20,4,13
e2e426d1332240070b0a836a854d057b,cama_mesa_banho,57,701,2,1100,50,12,12
5ef336462ba740ddd4727319e26207e6,construcao_ferramentas_jardim,46,1157,1,1725,22,21,14
d1c427060a0f73f6b889a5c7c61f2ac4,informatica_acessorios,59,1893,1,6550,20,20,20
451f6a5c5b15c9c5819256be358df9f0,utilidades_domesticas,52,461,6,1250,28,20,28
68fe8893052a044100e60cd0c8c6b274,informatica_acessorios,53,961,1,1850,39,12,22
ab1ecbce7afd9f6e661baa24a5706c9c,perfumaria,23,439,3,350,22,5,14
875e0d1c97176d76e9b04c98d06383d2,bebes,44,432,3,8250,44,32,35
da1cfaaffa7720fe28f26f18d52f5ad9,fashion_bolsas_e_acessorios,59,409,3,150,16,9,11
afeeea6271148ee1bb15173b8187c431,telefonia,52,1885,1,450,17,3,11
146fed9eb1d0f9db43dad0c7c96fc6e8,cama_mesa_banho,50,392,1,1400,35,10,35
0f8016710ce920034150241f0b8b5def,cama_mesa_banho,58,665,1,4400,42,16,36
35f2f253dd0f52362515bb0394741a84,relogios_presentes,57,609,2,900,16,11,11
b2a11c072dedfc137aa2393bb4a2c8ea,cool_stuff,53,186,2,650,22,15,22
ac6c3623068f30de03045865e4e10089,ferramentas_jardim,59,409,1,3750,35,40,30
b6ea15ce7ec34fdebd80ef71de3a24bf,telefonia,59,513,1,210,17,24,21
0a4dea9eaeaaea5b7894a9a4ec6ed660,informatica_acessorios,59,1434,1,250,21,14,11
3663ccbce96bbbea6b1b38558b5356a0,instrumentos_musicais,41,405,2,7050,66,17,36
c5b72065154ec27c2d1ed8a654c3348f,relogios_presentes,36,1116,1,416,18,9,13
dd95c89de4ce416b6a2714b39266a7ed,cama_mesa_banho,53,558,1,2150,25,25,25
a72209f6ea270769cecf0ed4168d3893,brinquedos,44,603,4,400,30,20,20
af53bbaeee1f3190c2ff939fc236b6f5,beleza_saude,47,770,1,350,19,12,13
83a1778b0d5b20c0724c97e35f083082,brinquedos,55,460,1,1100,43,6,30
d2f99bafeba89693c208b6f7a82168e5,utilidades_domesticas,40,660,6,500,25,12,12
1dc7685f4fdb9622d84ae2ec658d5bbf,informatica_acessorios,54,292,1,1025,27,13,19
835e3f51a6ef088097cc8cf42f08fd17,moveis_escritorio,44,900,2,24700,62,16,49
7bbc646134de228a74392d8407d16df8,utilidades_domesticas,60,959,4,800,29,19,21
d9965bb41ec6a56e7cfc31ede4bc4276,brinquedos,58,916,11,200,16,15,20
d7d5562fce331ad958ca6f57057b3526,cool_stuff,33,910,1,700,42,25,15
dce4459168283eed926d7af76ba39e02,telefonia,50,165,3,150,18,6,11
e0cf79767c5b016251fe139915c59a26,beleza_saude,55,388,1,250,16,5,15
6d8096ca93caea3416a6b24bf411bc86,relogios_presentes,53,593,2,250,16,11,20
78819ab10b4a44927c832a21c06849e0,informatica_acessorios,53,3330,3,1100,28,10,20
7814c273ab16783d73a9863ebfa8b141,moveis_decoracao,51,756,1,12250,45,35,45
8ce5f222608f6e18ea3b7acb84313c6b,cama_mesa_banho,56,150,2,1400,47,21,41
56ed53afb0d6ef2c843df74a4c1b573e,construcao_ferramentas_construcao,57,1630,2,5850,21,14,18
99a4788cb24856965c36a24e339b6058,cama_mesa_banho,54,245,1,1383,50,10,40
757e8df3e7c5c52482db573f5f368e1d,consoles_games,52,574,1,400,21,10,13
5a0c21ad6b82a1b61856e48ec959764d,perfumaria,57,1424,1,100,18,10,13
b9754f9e21b6e6960b37594d4387fb1c,perfumaria,35,796,1,450,30,13,23
48ec266dc99725679f820e6609801800,relogios_presentes,49,634,3,375,20,16,18
c5841303f830680eb1cdda8be0ff35bf,papelaria,33,691,2,250,27,3,11
83b00325c13c44245b2c3a2befa62a0e,bebes,56,621,1,10700,40,40,40
8123e87dd3112536d2f0856287158c8e,automotivo,47,3241,2,100,18,17,15
b8c5642287f25d5e0e166199264eff95,fashion_roupa_masculina,36,968,3,600,16,2,11
b4d9c32c307674e72fe46c424e3d4824,telefonia,48,649,2,200,19,4,20
a7868f5ae25dcf473c8997f82cfd06a3,esporte_lazer,49,210,5,150,20,4,15
805967bd91579942b3caac4ebcc39a54,cama_mesa_banho,37,167,2,400,25,9,19
63bff8e34e5c639696856394be9a9ac1,papelaria,45,209,1,800,16,48,33
9fe172fa8e662ca8572cf12abf8bce23,fashion_bolsas_e_acessorios,36,412,5,150,16,5,20
f100f4ee5e2b55d163a3f7c300c24d26,beleza_saude,47,483,1,417,20,9,13
6bb18295cc019bf3b6dc7c773411d530,artes_e_artesanato,47,1002,3,1900,19,16,16
c43b672f48eaccbecc94cdf6b4f53485,beleza_saude,32,386,1,150,20,10,15
f2b264b1a4602b87d64eebefc899c1d0,ferramentas_jardim,42,790,2,1000,30,15,30
9cfca0dc6dd43d12b7de84a5e1e0a429,cama_mesa_banho,33,237,1,750,39,3,27
4b5e26931a0b0d3a690a3f520329a975,esporte_lazer,57,1161,10,9450,85,10,33
b31c4e55a23622a7ed5c0a2db4e43f1b,esporte_lazer,31,213,1,1000,51,16,11
a35908642db2ef18437c352a421035ef,ferramentas_jardim,58,2130,4,13300,46,40,46
f05901e010ebaa3924276751a35e6004,moveis_decoracao,63,686,1,500,45,15,35
e15cee02291017f6f12b4115ffb417e6,moveis_decoracao,56,297,2,700,100,5,20
a62b367ed54e81983ba07fdb06d405fb,utilidades_domesticas,57,846,1,1750,16,31,12
01c69d0fbb0d9d8f42ac171ac1238233,beleza_saude,52,416,1,30000,55,75,61
2b4042dfabc3fe9d3f16951a8e1a3b70,utilidades_domesticas,56,623,3,900,38,9,21
8c154410716f31649d25e436f7d5d838,beleza_saude,46,803,1,250,22,3,15
770c257cdfc072fb50ebf2bbd6696fe1,bebes,54,581,1,1150,18,18,11
5328338cfaa16ba10561cd970c73ca11,cool_stuff,51,330,1,1950,33,44,19
eb47d7ea4e5611684330021baa317c17,bebes,60,1882,4,12467,35,57,52
73f125f683118508d664a53ab01bab34,esporte_lazer,63,285,1,100,16,3,11
50b2ddbf47bd0b8eecabb404613e2a45,cama_mesa_banho,45,486,2,1050,40,10,30
3fb22448e11f38ac4437c25693fcac1e,moveis_escritorio,59,1219,6,2750,16,36,36
36945ab7b40f69883323c9be517b640d,papelaria,59,381,4,5450,26,30,28
afb4b687981fad8723f84510c57c84bb,papelaria,58,649,2,450,25,15,28
aed5efaf7a7554165f61fd016846916f,automotivo,58,897,3,150,24,2,17
3ec7c8f47e7cd1e67a54c90edf527b5f,cama_mesa_banho,42,331,1,550,23,37,35
fa126ff62aae83e37857ad495641c878,informatica_acessorios,29,1386,1,600,23,17,15
0a4093a4af429dc0a9334300e5c13ae5,beleza_saude,56,389,1,300,16,5,15
6843fcf2daa799e469f08d9ded452d01,telefonia,60,2050,2,500,23,6,15
3db75f31b76375c502f64d550dcd1166,informatica_acessorios,34,1078,2,200,41,2,29
7775d718fa8dfebe8015e6e5ee3dc5be,,,,,700,16,10,20
b60c241f66e031959b70e1c60725f0bc,cama_mesa_banho,55,555,1,650,16,10,16
c192595b717cfbb910f653b62d8ac9c3,brinquedos,37,1079,1,167,17,14,16
08574b074924071f4e201e151b152b4e,ferramentas_jardim,36,450,1,9000,42,12,39
6281a79f478d260d81da138f7e03c0bb,moveis_decoracao,59,1492,3,2400,105,3,70
63ae63c279f3ccd864bc7756f81bec2a,cama_mesa_banho,56,230,1,1825,40,14,33
dfc9d9ea4c2fbabe7abb0066097d9905,cama_mesa_banho,54,797,1,3300,19,35,31
6d6b0f6705c1acf1128ecf19d57d5444,cool_stuff,63,253,7,50,16,5,11
8d98dedc3c19de17f1a090195e85d6b6,brinquedos,40,617,4,300,16,7,20
162e010af9fe224d35fd8496a273fb02,moveis_decoracao,60,2901,3,1800,105,8,35
afad7a4420a4348d41da23ed8d0902dd,moveis_decoracao,37,768,2,7000,43,35,50
2190082493d586e315bfbb93762ab3e3,consoles_games,53,855,1,140,19,10,16
4025ee582ef6b8c478af3b44cf89054b,cama_mesa_banho,60,58,1,200,20,2,15
25a69adae1b354beb056d4b740e841cd,cama_mesa_banho,50,762,2,900,30,4,20
708281087dc97b0e50baa8891e741d8f,utilidades_domesticas,42,333,1,1000,21,23,20
914c9e9af640dd56f48764a225b00f89,moveis_escritorio,47,1047,1,7463,56,64,35
e0d64dcfaa3b6db5c54ca298ae101d05,relogios_presentes,35,514,2,4338,17,12,14
8b52af498478ac72226c6bdaa89f27de,bebes,60,924,7,800,25,10,25
c2441af97dc659059897209bd93bfc3e,automotivo,58,956,2,50,17,4,17
f7f7a305e9312614a635f453cf6be7a8,beleza_saude,53,1687,4,1400,16,35,11
646ce272adff96b1ace27e81c9bdf29d,malas_acessorios,51,275,1,1500,18,53,30
7c0a2a31bc479e366fe9fee1f5bc62b3,beleza_saude,56,1388,1,2200,25,27,9
332795c0c3303ebda469c7945fe1a1a7,brinquedos,51,390,2,600,36,12,37
f516d692e2bf83614119de3286a12fca,moveis_decoracao,44,192,2,400,18,10,20
23bb156d1ade824158d1b0c799f9a641,cool_stuff,46,978,5,1000,50,20,20
f4f67ccaece962d013a4e1d7dc3a61f7,automotivo,52,603,1,7625,61,14,61
142edaf86e4eb5d0f928534667ab63f7,utilidades_domesticas,55,595,1,1300,30,30,30
b74d57e3377dd78aace6d070fc48cc88,cama_mesa_banho,55,556,1,675,40,18,35
33ac889bc3af4ddede9c14fc789a3743,ferramentas_jardim,28,682,1,1700,30,5,30
044f05bc9de36e8a693a83e4bc79dd0d,telefonia,59,734,4,300,17,4,12
f5b952758d88a5995ae5c8208a63b913,utilidades_domesticas,30,235,1,3750,45,25,20
02475368dfb38934fe55f574024fe1d7,relogios_presentes,55,569,5,250,16,2,11
c9dbe2eec19a8093cb5ac57486531c18,cama_mesa_banho,55,124,1,1375,30,6,22
06edb72f1e0c64b14c5b79353f7abea3,cama_mesa_banho,39,161,2,350,25,8,19
eac691ff8062bb3ed4f465466245accd,cama_mesa_banho,57,232,1,8875,48,43,53
f8e7dd70e57e37ce842cf20160e56df5,moveis_decoracao,22,183,1,300,26,18,14
eaaedcf6f1fee559b27b286e16afdf88,informatica_acessorios,43,1300,4,400,16,7,11
f3ae4ce1b63810f2921ff353ddbec67d,moveis_decoracao,52,198,5,850,25,23,25
3591b4602bb8316dd178c98a97c29454,utilidades_domesticas,28,308,2,1650,35,30,15
b38b25d838ae0b8385e8cc68b9017644,beleza_saude,59,1153,4,200,18,3,20
4ea626d476d64c8230844ea3ae17c3b9,cama_mesa_banho,55,2523,4,2555,55,17,48
8af4a717d0442a5fbe332dc587583296,moveis_cozinha_area_de_servico_jantar_e_jardim,17,540,1,17500,97,24,45
a6883f92891e256b926bf8b9c40fbe9f,pet_shop,32,633,1,129,18,11,14
8af72bbf3875865c7fc23509cf49682e,brinquedos,40,324,2,650,33,22,19
cdf0c921e5025a7ad81c1708b27393e0,beleza_saude,56,489,1,6400,24,15,17
62984ea1bba7fcea1f5b57084d3bf885,esporte_lazer,42,190,1,1092,30,26,22
9a2e821cfc513051382e27606ab3325c,papelaria,58,205,2,6000,60,20,29
6f544a62e85efa4d7a5e135482b31d79,pet_shop,52,1026,1,3300,72,12,55
12d03720e39cc210547b854d2132c2e3,papelaria,59,219,5,2200,25,25,25
ef66e63137bdd1b2e44aa968646fc1e3,moveis_decoracao,41,789,1,750,20,35,20
2b849e71ada03a262ef4338a7abd8b79,utilidades_domesticas,56,786,6,1700,20,10,14
95e25af33821b9d231e06f1e7cd34d4e,moveis_decoracao,5,267,1,2600,18,40,13
d45f43af9b205b51568f78314d3057a6,esporte_lazer,49,1096,3,3050,20,20,20
19629b1460e380638d4b9263bd31547a,eletronicos,52,1681,1,10900,75,18,70
6401d2f82d6e6c52998ce626fe4eda24,fashion_roupa_masculina,30,51,1,300,30,40,11
5bfc7506459ae2a7b4b573fe557a58e1,cama_mesa_banho,57,535,1,800,45,15,35
98935aea5a6ca26c5d8cd205a97c98d1,papelaria,56,945,10,1550,32,52,19
0aabfb375647d9738ad0f7b4ea3653b1,consoles_games,49,100,4,150,16,12,12
aeecb1d0e5d4d5ccc3fcfe6fe91103b6,telefonia_fixa,50,1425,5,2100,30,30,20
a5a0e71a81ae65aa335e71c06261e260,utilidades_domesticas,57,698,3,705,34,22,28
0c159d7ce798ebc726ad977f9ade848a,ferramentas_jardim,46,356,1,250,35,7,11
59c5e6e108b88212fb98525c9000ecfb,moveis_escritorio,54,954,1,8217,52,52,17
b2f15c23f560da3b247e1090d9d12be7,utilidades_domesticas,60,608,4,200,16,6,12
be6ae1b41a4ba652f1947e0fae960d44,automotivo,43,702,6,2150,55,15,45
aca2eb7d00ea1a7b8ebd4e68314663af,moveis_decoracao,44,903,6,2600,50,10,30
e282624d8c82e04983f125e167eb4521,telefonia,45,343,2,117,18,4,11
c985e917daf44dfe2779833209017098,utilidades_domesticas,55,882,1,200,19,5,25
8038040ee2a71048d4bdbbdc985b69ab,cama_mesa_banho,48,528,1,0,30,25,30
5a7373ba4c9b3e13513ded06cd1986c4,esporte_lazer,46,2029,3,105,20,20,20
6bb54c0a1ddf991dc06cc7cb5a13bab7,construcao_ferramentas_construcao,41,1270,2,200,20,4,20
9ae144079d83bd6ffb2d30284c7c518c,cool_stuff,55,943,1,500,16,19,15
165f86fe8b799a708a20ee4ba125c289,cool_stuff,40,1456,1,2425,29,30,19
c7b3cf9de7be95b3e09e7a63315685eb,malas_acessorios,49,489,2,16250,18,53,39
4ae634441e444ca4bc85903cafe98d73,telefonia,54,285,2,275,18,4,12
3fbc0ef745950c7932d5f2a446189725,beleza_saude,50,1257,1,350,19,12,13
c8c969c3a6423f48df9fde8a13e6770b,cama_mesa_banho,52,662,1,550,28,4,22
422879e10f46682990de24d770e7f83d,ferramentas_jardim,56,348,2,1550,30,22,30
c0f0a0118a333081ca6786f7661c3853,cama_mesa_banho,49,192,1,3300,46,15,35
1a909e04ddbc64bda3fc905834678201,informatica_acessorios,48,475,1,213,15,7,11
371fa349d92646bbeea5873df0bcdc5a,utilidades_domesticas,49,342,1,490,20,18,16
db51982bc43b26164c29605b8ed140d6,telefonia_fixa,20,286,3,100,19,3,11
b2b938c46aafdbf702d73e7edb9cb263,pet_shop,50,365,3,800,24,12,12
00bc6e6d4ceb98ec7ed058b0a243a8b9,artigos_de_natal,34,249,1,200,16,11,11
05019bc35fc2ed878c0c0f55346b91c6,beleza_saude,40,344,1,2550,18,16,17
a5f6ba3fe91a2e73f10b612131cb2404,eletronicos,45,1057,3,138,19,17,16
3f212fef0e1f11b343226b633f0426df,beleza_saude,54,875,1,1050,36,12,22
d03a2a3433372ac8f9f6649d1dacadae,beleza_saude,60,919,1,150,22,3,15
d04e48982547095af81c231c3d581cb6,relogios_presentes,56,528,2,292,18,10,15
7a10781637204d8d10485c71a6108a2e,relogios_presentes,42,236,1,342,18,13,15
b363ba4802d9eca552da85a1125747eb,moveis_decoracao,41,397,3,6200,62,6,62
fe6a9515d655fa7936b8a7c841039f34,cool_stuff,29,266,3,5650,73,73,20
7659404ade89460a4be1c11ac47d5f2c,esporte_lazer,55,405,1,200,36,5,26
bd2a0f83ba8ab18af5823fc3552a0305,fashion_bolsas_e_acessorios,35,496,5,200,16,10,11
535a23504a92e3e42a5cd54256c75b17,pet_shop,58,539,1,900,25,25,35
1a980a10bed1d765e2eb2ad3608a63a1,malas_acessorios,45,217,1,850,45,10,31
78b7b1ff2d3f06a589354ddf2f4f9db3,perfumaria,31,355,1,448,22,17,17
8b50a72d52d7a91fb19d19fbe069e2f2,utilidades_domesticas,54,1754,1,250,20,8,13
4ba501db540524d84cc382bb041ac508,beleza_saude,42,693,1,248,17,20,16
91442659f31ec0f0fc73215e77854fac,relogios_presentes,60,661,5,300,16,2,11
6a0713a63e990052795623e76cc2995e,cama_mesa_banho,31,151,1,900,40,4,30
c8f7df520102efbaf9927f5acf21b928,brinquedos,54,452,6,450,21,9,16
fa335dcd3999105b8bfb1ce9300de4d1,informatica_acessorios,32,1074,2,200,39,2,30
d04857e7b4b708ee8b8b9921163edba3,informatica_acessorios,33,1127,2,450,16,4,20
98712b7f46e0fe4f4da2f7df1b9231a7,eletroportateis,41,450,1,350,16,16,28
75fd4b482095ed05dd23030260e65300,cama_mesa_banho,55,455,2,3250,37,10,40
7b44e5ea770ef06810f5df89006cc8b2,eletronicos,57,989,4,4100,20,15,13
a2da86fa759178e9e58e54aa1a144e59,telefonia,57,777,5,350,17,4,12
9093f710f0faaffe81ccb9dd1845ac9e,utilidades_domesticas,39,2294,1,363,60,6,11
e71ce72b19b83080d97cf4f06c90d096,esporte_lazer,57,1537,5,400,30,16,16
589d0ec4c794dd688991c0f539f9e015,pet_shop,62,696,2,200,20,10,20
6a3bbf3124c96579f7cd0b2519490cd2,cama_mesa_banho,46,491,2,1500,50,16,16
5c692818d313aa12864b48ac0c2472c2,relogios_presentes,56,167,3,200,16,2,11
0cf573090c66bb30ac5e53c82bdb0403,telefonia,26,108,1,128,15,8,13
f70dd37d94cc7026ca198b9d7574c7bc,alimentos_bebidas,43,731,2,1350,28,15,20
f646af315b0f3a597f69213537ca2199,moveis_decoracao,55,928,1,600,17,17,17
e2600770da5cfd446d3e971c1d41b44c,informatica_acessorios,42,149,1,300,50,5,20
809e226beeb0526cf321f6e5664a8b68,pet_shop,53,411,3,750,20,20,30
4c3063dd985fb11ee11451d3bf7a99b0,beleza_saude,49,776,8,1800,30,18,11
21767347dfdabbe42b3ca5846a4cdb48,relogios_presentes,54,446,2,277,23,15,23
777d2e438a1b645f3aec9bd57e92672c,cama_mesa_banho,58,689,1,950,45,15,35
75b1af479ceb5b90e06b38ff4f753e1e,automotivo,48,686,2,1950,20,20,20
83e68070fbf16ac859fc13285a5ba9ba,telefonia,53,602,2,150,19,4,20
3eae31de0119f9f566a337ac2458ae7d,esporte_lazer,52,234,4,2250,20,20,20
9bb8ca338e5588c361e34eae02e8fad6,beleza_saude,37,314,1,431,19,17,15
d81cbbaeb38bdc56879d408d7f607b0e,telefonia,53,2384,1,600,21,23,22
49cd59957f1c81427ca0b2edf5696969,bebes,33,55,2,400,25,10,30
c40b12e92be6aee40cc2adab6693820c,beleza_saude,36,1514,1,1100,30,12,16
bb50f2e236e5eea0100680137654686c,beleza_saude,60,2644,6,400,34,4,22
fa39c60599eb6573020f07a1b4dd38cf,utilidades_domesticas,52,806,1,1183,38,18,26
fb927c44d15e24c578f85a862576fd88,utilidades_domesticas,48,808,1,2200,30,30,30
d41d8cd98f00b204e9800998ecf8427e,automotivo,16,115,1,1181,30,17,24
691951678a17b3cf3667385513e1137b,cama_mesa_banho,55,599,1,3600,16,50,40
f09b7fd613031e630e7b5cf9911c0318,papelaria,54,354,4,6350,38,30,28
863c8ced004542495e1025bb14124580,papelaria,57,111,2,1450,25,55,37
9324d11d98d73e980e13fbd30569e9e4,pet_shop,55,1501,2,875,26,19,23
7ce3cb8d513147ece112c5200b7fc84c,market_place,16,726,1,200,25,10,16
23365beed316535b4105bd800c46670e,telefonia,56,351,1,350,19,4,11
694cbe624717957c7536ef8cd9dfbf57,telefonia,58,678,1,150,17,8,14
1da4613d4f7e10e1554538b46dd16486,papelaria,59,326,3,1600,60,20,29
304104a478e3a605db6072a22e4ee228,eletroportateis,54,2667,5,2600,36,13,36
218d038ff5f2acccebb3cc1d452a911b,beleza_saude,32,318,3,133,16,14,12
e9dd44f105ffdcb98405c94f1d0bbdd9,moveis_decoracao,50,201,3,1000,25,23,25
569ffd16f8032478cbeb9800f2e94ba0,moveis_decoracao,49,544,1,410,39,3,28
50fd2b788dc166edd20512370dac54df,eletronicos,46,2285,1,150,30,10,20
5db096acdea1d87bfa4d07c1cc70c492,moveis_decoracao,51,595,1,16000,63,40,38
06e73ddcb54620a36bfdb2e073c4dc40,fashion_bolsas_e_acessorios,48,357,5,150,16,9,11
bcaccccaa0255d8132172dfe9c10ab2e,eletronicos,33,198,1,150,22,6,16
4c6826f47a7d1a0e3f48b885170f4fc3,construcao_ferramentas_construcao,49,126,6,6900,60,20,40
70559c57b5e5cfac386368f45e744f55,informatica_acessorios,51,100,1,179,12,9,13
eec68ed7d496bb2ee6aa0a69bb78acd2,papelaria,34,332,2,850,40,15,37
909b87db6cb3a7ab26bd03cc59860136,informatica_acessorios,28,1111,1,169,16,10,12
57c56b4871f4f353ac52c8015e9c5318,moveis_decoracao,15,407,1,800,23,27,23
de115e41e8332aa7b5a04e027243fcbf,cama_mesa_banho,59,111,1,1800,55,15,35
f3ce47ccf98da2906f6b8b1387618e07,utilidades_domesticas,59,987,1,10250,35,50,35
9d99a79d596f4a054c7ace6068b446a7,eletrodomesticos_2,60,799,5,7150,70,10,60
ef5c31aee1d5074121a478b14d3eb50e,papelaria,58,202,5,8600,60,20,29
7f064525eaaa1ce9d22c085f7ff5413a,relogios_presentes,50,578,3,250,16,2,20
387f1559343d513c4383bdb99672e431,cama_mesa_banho,50,291,1,1050,40,15,35
2ff995aead9c63a1f37a07b3664ead37,moveis_sala,45,353,1,7500,61,11,46
0c3cd8d63839bed6f80aca6388766417,relogios_presentes,53,399,1,500,16,2,11
f7de1b16a0e8b8c65d0f3761e89d5f2a,utilidades_domesticas,45,245,1,1650,40,30,30
0f3f3612d3a594da318f0f7b175a9c14,relogios_presentes,55,1057,1,350,28,10,18
4cb6e86e1328e77e20b5f90771683cbe,esporte_lazer,46,728,1,1100,22,27,22
9be8d8c1b3cb9e629230d4c176b14ae9,,,,,2200,20,16,14
716a15647e7f7cfa2f875d657dae4c03,cool_stuff,41,634,3,625,18,14,16
f58749565f856133a556122fbb08784b,telefonia,55,749,1,325,21,9,18
3ea9fe739cd6a9bd2be0ba05c290498a,telefonia,48,590,1,200,19,4,11
8d0fb54bb58d39a72269eb8fc708e865,esporte_lazer,56,814,2,200,16,10,16
109fd3a5e5fd6faa5a8cf99470cab84f,moveis_decoracao,56,357,1,400,30,7,30
9314e4d46aeb2c297e05d4ed36365efe,esporte_lazer,46,3749,1,443,26,18,17
3f4269f81421aadbfc643a23d5dbf3ff,automotivo,55,228,1,200,25,10,16
2136c70bbe723d338fab53da3c03e6dc,relogios_presentes,55,167,3,200,16,2,11
fe4d09201362b0d4332259c78af0f761,construcao_ferramentas_jardim,56,688,3,800,25,18,22
9bf55e9d85e0b309f79e92927449d211,beleza_saude,50,216,2,100,20,15,15
55dae7585569be721ef89eba4379e38b,bebes,53,1608,4,1200,42,25,15
03ed331c2c9bb4cd5c3d986928bc8d9c,automotivo,56,343,6,600,28,4,16
80736543f7c5c511bccb61d1544d9d0b,cama_mesa_banho,60,310,1,4600,36,10,20
4b96786612ebe7463132fce2c4dca136,utilidades_domesticas,42,540,3,10750,31,61,31
87283a98b24f9f1ac3a31b631073cf47,fashion_bolsas_e_acessorios,50,411,5,150,16,5,20
6630485063578b527549697547ed3ed5,moveis_decoracao,46,713,2,1050,34,6,28
777c0b09022d68979d7c489251a4c7a0,moveis_decoracao,48,2019,3,6800,90,4,50
99ce9f06fbb85fb4f451c6a0691e69a4,cool_stuff,34,3017,1,658,17,15,15
ed355705438d608579451a9b3a230f1b,moveis_decoracao,38,1963,1,900,53,8,11
f2399cabe080029634d12cec4f60dbf0,moveis_escritorio,50,1117,6,2100,16,26,26
f6e3aeb40c00aec24ade8333c2ac1b20,consoles_games,29,1094,3,150,24,5,24
ae083e4a334a4210ae0ef7323f1584c5,beleza_saude,53,2789,1,250,19,7,12
94475071013412139f862c0bd7e3bb37,papelaria,46,708,3,317,22,14,22
5ef700515181623872771a16d1371cd4,casa_construcao,35,504,1,12250,20,30,20
668b1e2b9471f837ba1797832e3f2012,telefonia,60,357,1,230,17,14,13
08a58dc963320d6073623382b9ceb920,informatica_acessorios,56,2590,5,400,17,7,13
cae2e38942c8489d9d7a87a3f525c06b,moveis_decoracao,54,586,1,1700,33,8,23
aad1c338e2a8906e2040a2fb0861acbd,telefonia,60,333,2,150,16,4,13
fa66c43e63966d8b1770f6df326e05fb,esporte_lazer,28,1290,2,260,18,11,14
0a9a9c25c5a06532d1766e00db833a7f,beleza_saude,36,365,1,100,16,3,15
186fe07c8b8005ec6a498587ffbc1352,relogios_presentes,60,193,3,200,16,2,11
945d5b64caf3027a69078cd3254657a7,,,,,750,24,10,18
404c6e8590cbb06f8c5e911d8a90b1e5,esporte_lazer,43,231,2,2700,60,15,15
c20a3f598c16d77249da67e81caa8317,utilidades_domesticas,57,529,4,575,16,18,12
780d24bfcf24b143f013354507158385,informatica_acessorios,37,497,2,600,20,10,11
f4a38926843e01497a3f63a5d5740c72,eletronicos,38,375,1,150,22,13,17
9ecadb84c81da840dbf3564378b586e9,moveis_decoracao,41,789,1,950,20,35,20
f77f1ec838ed490adc1529eedf7810ea,papelaria,35,412,2,980,32,21,21
eaf84e31d1e891449aa5cf7130e75fc6,cama_mesa_banho,55,384,1,1350,50,5,50
58778cc2f8f189ca700491f7b17a0052,telefonia,18,285,1,200,19,3,11
210feb9ae3b060d29ec884aac60e5f10,cool_stuff,50,629,1,1050,37,22,26
d7350806253f6a1e1351c97a39b9c931,automotivo,59,1139,3,19200,34,86,40
11fd9d7ba552e1d28872e008acf1e050,cool_stuff,31,1194,3,10225,19,11,11
3bbacbe586e957acbf26c63b3ed532a3,pet_shop,53,1687,2,8750,50,8,45
43b069f855679eb3d3589e55dcfe968e,moveis_decoracao,40,1438,3,150,35,2,25
8db97c571a61d830930cf029a34c33ef,papelaria,51,222,1,5550,30,45,30
d475247b8adc9f4c339da83abee9a351,esporte_lazer,57,1658,1,500,20,20,20
bb7181410b4e02f93f3697f765db53c7,bebes,36,1058,1,14950,77,20,53
e27bda0525e1555db5e6941211cb33cf,papelaria,39,35,1,300,16,6,16
cb89dfa8adec9df2aa87b8072985b655,esporte_lazer,27,159,1,130,16,19,15
b84520a57891e7a8ae2c68741dcc7146,relogios_presentes,56,660,3,250,16,2,20
632c37951cab36a4e928428cbc4fa4f4,beleza_saude,54,769,1,6850,51,39,43
20d458d013a3988f71009298fecd8607,cama_mesa_banho,43,114,1,300,40,4,30
1eaf224c19e07b6e50bf0119eea1dd26,cama_mesa_banho,58,189,1,1350,48,9,38
1600dcf1cea8c0c83702e07b577ab231,relogios_presentes,57,181,4,250,16,2,20
417e213344336988e562ccc3975987f4,beleza_saude,59,770,1,1501,28,24,21
a9b36aaa68ebd315701524c822800f29,moveis_decoracao,54,532,1,550,70,7,11
7fb04722aba7a2b632bac8f9819796f3,beleza_saude,48,594,1,1850,24,36,23
1191e61a83c807323c6c1cb5eac9ff3c,telefonia,59,777,6,350,17,4,12
c72edc98e7d77f0c4c04ec80730c05f5,esporte_lazer,18,370,1,700,26,14,24
a3e8b232951525e76e82577bd3729173,bebes,33,609,2,500,36,7,25
5348b1bdd951b67a4d2a58992e2233ed,telefonia,59,818,6,250,17,4,12
71835d687609f578b92692f98ab16100,moveis_decoracao,29,1698,1,3500,55,5,40
85b6cd7f57f7a06d180c93e8c74f6381,cama_mesa_banho,55,555,1,650,16,10,16
979a52ea2c0c4e9e7e7e4a766d4eeda4,cama_mesa_banho,44,452,1,1550,35,10,45
24fffbd0188d2b7ceb351214c514b28c,perfumaria,29,616,1,426,18,14,14
14e95770921ccb6caef2e6134c182d78,cool_stuff,55,1050,1,1850,42,25,15
d6dc2dcbb3ef25e47ef82f3c013ab820,casa_construcao,53,646,1,6500,30,35,30
f582884ed8bb76a4b6317b8c9e966d98,utilidades_domesticas,41,325,1,1950,43,10,33
ee0c1cf2fbeae95205b4aa506f1469f0,perfumaria,44,334,1,200,16,16,13
d4da317ad85015e956ee18ef11fc60f5,informatica_acessorios,52,1009,1,250,16,15,14
6c3effec7c8ddba466d4f03f982c7aa3,consoles_games,56,237,3,100,16,12,12
e357a8646a17191f03fd9f833a0fa29b,moveis_decoracao,52,1348,6,1175,34,20,22
130cdbc1715f7e1b5d9be728ce04398e,casa_conforto,46,519,1,500,18,12,18
ec222365cd276f7e9c328d64f023c6ac,eletrodomesticos,50,200,3,250,27,13,17
850fd992aca25ac2d7768b434ab3ceca,automotivo,45,365,1,300,20,20,20
49e038a7b8ba2e18d9a7a26c1f238544,sinalizacao_e_seguranca,52,729,3,13750,65,65,22
b3793f4676bdf327ca34c40d236ee2b2,automotivo,56,875,1,2363,26,10,26
3f4a7c8646dfebf0d04ed19adab8e9cb,cama_mesa_banho,60,277,1,1950,37,8,35
704ef63ad0ac345842ea734060a83db2,cama_mesa_banho,55,249,1,850,38,10,38
58e3e57e37601dce8a567e7c1f9e2090,brinquedos,56,526,2,450,16,11,16
916bcfd7e756e0b65372da1378d1c125,livros_interesse_geral,43,713,1,1600,25,7,18
aa36c2127048efdcd47f4ad5b6b68810,cama_mesa_banho,57,189,1,1600,46,3,34
a5c9c1711f61d2b63cf996b4928092ed,brinquedos,24,669,1,1050,24,29,23
d1e422d44f28b10c3899b6f494142de0,utilidades_domesticas,56,453,6,350,30,11,20
e44f675b60b3a3a2453ec36421e06f0f,esporte_lazer,35,1058,1,350,17,17,17
4a68f101bf6034b9fe2c78dc988c5a74,bebes,32,1054,1,1900,30,15,30
595fac2a385ac33a80bd5114aec74eb8,perfumaria,29,178,1,400,19,13,19
a92930c327948861c015c919a0bcb4a8,relogios_presentes,59,319,4,250,16,2,20
86133a2151bd98a3ed2ad758709e6d1b,cool_stuff,59,1634,6,1750,20,8,14
70ef02956d1b9d6a8b1aa4f7b206e210,esporte_lazer,38,1460,1,1700,17,29,22
a15bf6fcbc5578554a8d0da342a19175,informatica_acessorios,48,267,1,2475,56,7,52
66a0a6e02b7f543e5b021ce361f267d4,cool_stuff,45,798,1,1500,50,40,30
0b3de7b77f38988388362460d76d884f,beleza_saude,31,838,3,350,20,12,15
df2e41520cb6197bd02beaebfa6e788b,cama_mesa_banho,50,648,1,6500,57,16,45
f1d3e7a4605f6cd5f2a3cf9bde5c7845,market_place,40,565,3,1000,31,6,33
e167adfcc4c1ed3682a074de77e1880d,eletronicos,34,576,1,100,23,6,16
146eb6d2e5e311d926d672b5b25d3f4a,beleza_saude,43,1983,1,2300,30,10,20
42a735673c53cddc4fcb42935065465a,cama_mesa_banho,50,631,1,1200,16,10,16
ebc714d9f070a89f4d411982ea9670fb,brinquedos,50,999,2,1950,24,35,26
27a8b41684f77dd86572fa185bc143ba,informatica_acessorios,20,347,1,400,16,19,15
e96dedd143090ade72c86bf486be7d36,dvds_blu_ray,46,3831,2,1500,30,20,20
e7f85e7f0203b7b95cc1b4c21b4b070c,cool_stuff,42,582,1,5575,60,22,47
f977e786f6d634205ef1564541706011,brinquedos,39,922,1,6000,95,16,38
50e1b118f266b655f613f753914c42db,cama_mesa_banho,44,630,1,800,16,20,28
4c2065301aac51ff9004422acc07765d,ferramentas_jardim,50,204,1,1663,36,14,27
f71973c922ccaab05514a36a8bc741b8,malas_acessorios,47,482,2,16100,35,65,44
7b83c11ac78f11bde67542beb12e8163,beleza_saude,56,670,1,350,29,20,24
ecfe9a892071ef1c94ee53f77e2e063b,cama_mesa_banho,44,487,1,2800,35,6,40
181b31b11ea16a87d5acab5a78320b93,esporte_lazer,40,593,1,5200,23,23,11
bcf8ba04829268e7eab9fbfc2555c18b,bebidas,23,457,1,5500,40,27,30
71540d636652fc682032d3b3c0a180c1,casa_construcao,54,923,8,1050,16,27,16
ace4686a281385c082500437e5e73b61,automotivo,58,3530,5,2700,28,7,20
e95ee6822b66ac6058e2e4aff656071a,esporte_lazer,52,1153,1,180,17,11,14
e53e557d5a159f5aa2c5e995dfdf244b,informatica_acessorios,33,256,1,180,17,10,13
8a9efe06f7135fd2dfc7b84b30144bda,cool_stuff,52,573,2,225,20,10,16
3fc18e3aefe7b9346bd15de863fa0365,utilidades_domesticas,43,808,1,2850,30,30,30
0a5a2b08a41a3a61ee984c9445891098,papelaria,42,190,2,1600,35,50,20
acdd9eaa79720ca045ce3768250b8e47,beleza_saude,59,669,1,400,30,10,17
0d5340e7cf010ca42cdf4305101ed005,moveis_decoracao,40,468,5,2000,34,8,28
cd48f265a63e13b762601f5f794c5fca,bebidas,48,859,3,175,23,21,21
ae5cad88462eb7b7b61401e31c45618e,informatica_acessorios,44,1428,2,250,30,20,32
6a24f480cc3fa5ceba9b09eb6b2f46fd,esporte_lazer,57,262,2,950,60,15,15
0e2d52789a024cfd6f9204778320a8e5,moveis_quarto,43,435,4,9800,86,8,40
1fa784d8744e3ed625d8651ddb15e33b,perfumaria,47,534,7,1800,35,26,26
c8a4cbaafa1f0579063ec64cf40ae153,automotivo,54,197,1,150,25,10,16
de1dab31e5f3737cd024f5fe44743fa9,esporte_lazer,46,720,1,442,20,19,17
764292b2b0f73f77a0272be03fdd45f3,moveis_decoracao,56,701,5,750,30,30,11
84f456958365164420cfc80fbe4c7fab,cama_mesa_banho,55,312,1,1550,44,14,34
ff92322b0148cca0038e11e0d34f6f62,cool_stuff,48,272,2,7100,70,2,23
eab1309765ca0c3ba5c2ae2b85b28b00,esporte_lazer,41,1343,1,4463,44,35,32
05c2523e08c5262f1ee172b332c3ea44,informatica_acessorios,57,178,2,100,16,2,11
7ce94ab189134e2d3c05f496d635419c,eletronicos,39,400,1,200,25,7,16
87a71ae93900ab55fcf685c8040769b3,eletronicos,36,401,1,175,22,13,17
7583d9a579408cb84bbc7b0e4548ec18,cama_mesa_banho,59,279,1,5650,40,15,23
58efb9b638561ce132216a9a612513e2,moveis_sala,30,606,2,9700,27,15,92
fc8595227785863846b7daa2ae3f2c9b,beleza_saude,60,886,1,400,20,12,12
93313b383b80d53b94696afeb5dd2749,automotivo,54,800,4,1075,53,8,25
def3587f2a221b89fc8f342e858b2176,moveis_decoracao,33,1189,1,16617,101,8,57
8ebb1bc470f9bfd4017c0be0773211ad,cama_mesa_banho,54,231,1,400,27,7,17
4ece875799f8eacb00dc13e93d0a2fd0,esporte_lazer,42,2300,2,350,16,16,16
6fb42788c5ef9affaa2fec30ca8b6053,ferramentas_jardim,39,372,1,200,16,3,13
55a1e3d39ace9c0b217f6c30b04d43c0,malas_acessorios,29,895,2,550,45,15,35
c5d8b84a90f73bd09c30e71e76caaa11,market_place,49,415,6,1150,35,25,25
0c3305267c17b542aecbc2385f5f0794,perfumaria,57,740,1,500,22,14,23
07fe9ffbb84b9d22610d79efb16e81a7,cool_stuff,29,234,1,50,23,15,15
7340a3839a1de1e99d149b8cf052a2ec,cama_mesa_banho,56,536,1,800,45,15,35
52d163dd9192d5a70afc33cd8c60131e,relogios_presentes,54,221,7,150,16,2,11
191c65cf8988d6fab9bde989aef39d61,eletronicos,42,324,3,6200,22,21,18
58a49d31cbfaa89fcb87b335ad0e2797,market_place,28,743,1,200,22,2,16
629cd04871a85607710a2bc120766c0d,cool_stuff,43,813,3,3042,37,15,43
6d8a7c569e0db81df2d1589bc7c9af4e,beleza_saude,54,783,1,1060,20,17,18
4eff4dd8918d15c9a308a9645d353807,bebes,55,1627,1,600,20,13,13
20a5aefe5c61d9047acc46a0970e4908,utilidades_domesticas,41,218,1,775,19,26,17
34f99d82cfc355d08d8db780d14aa002,pcs,59,2009,2,25950,39,95,42
9a2baa159a216dcc9eb422cda7271ba8,brinquedos,24,471,2,512,27,21,24
ea6617ab48bb467d615214e7de71c864,automotivo,20,551,1,300,20,3,16
1a0971a6f39f04118207a7308d451e9d,papelaria,57,353,7,5850,60,20,29
85156b6f3e9ba85d83b17b0c3c8cc627,cama_mesa_banho,59,704,1,1650,40,15,32
1c76b4e79bb358170ef2565779cecb38,fashion_bolsas_e_acessorios,9,76,2,200,16,3,15
1584ce1843990c0f62e353fd0478c2df,cama_mesa_banho,55,226,1,1500,45,15,35
54d9ac713e253fa1fae9c8003b011c2a,cool_stuff,57,787,8,1867,36,6,36
a87ee1e0d2b6d025ecfb1b8322659853,relogios_presentes,55,335,1,750,15,4,19
6cf22bb1523c34ad8da500d1084155a5,relogios_presentes,41,756,4,267,17,12,14
f4041d76285c2a34ad5013e8d287a400,cama_mesa_banho,46,632,1,800,16,10,16
1b2066a33aee5851ee3e44b10b36b3c8,moveis_decoracao,40,402,1,1650,30,30,15
f6846ffd13de01b26f4eaebaf76295bc,papelaria,55,205,2,425,28,13,18
418405ed2f7830b3ab55a767f1b2d03b,fashion_bolsas_e_acessorios,37,243,2,150,16,16,11
1d6d7be70107889e3193819aca4dc1dc,cama_mesa_banho,54,396,1,900,24,5,20
252641aa4855aef622089db60c4ad90a,cool_stuff,58,3217,2,100,16,16,16
26a4f62a409a78816adb31e0d729a163,,,,,11100,62,33,25
de5a06d0d4cc5fcc6e384d789bb0d7cf,automotivo,58,306,5,1050,30,5,20
f5f0b722d7662e8939727fb49e45d046,relogios_presentes,54,536,3,563,16,16,14
5b226d7c52f86ac72457617f78cff95d,cama_mesa_banho,50,381,1,875,25,18,40
2d62078f4b87416a280931049a9d7cca,brinquedos,56,828,2,300,30,20,15
97f1396a5a1f7c07ba51784efdec44b8,utilidades_domesticas,60,1632,8,1400,43,18,18
06dce482ace017e78349b6f1fa83a022,cama_mesa_banho,44,452,1,550,30,3,19
c5f5b4b17e4cd989c39986cd0dddc018,moveis_decoracao,55,329,2,350,16,16,16
e57eb018e37376580079825eb29a3419,relogios_presentes,43,878,1,300,16,14,11
3ae28b124972bb81eddcb644cd284be9,brinquedos,47,404,1,1550,18,31,25
f0c1c1d5ec61ce4c4846abd4283631df,alimentos,16,3139,1,125,16,8,11
9df634af5c467f3b07f3d92f7765aa64,brinquedos,45,965,2,850,16,32,16
bf7f941911c1e02d8dd6c637811b6127,fashion_bolsas_e_acessorios,30,165,1,100,17,7,12
fbc1488c1a1e72ba175f53ab29a248e8,perfumaria,27,311,1,560,19,13,17
ce6f74096c84567f22728c84f3d6e7fc,cama_mesa_banho,60,352,2,1300,30,10,30
d2c26c86faaf287263610735e07f1b3d,beleza_saude,49,2296,1,400,30,12,16
6f4f2bb136fd2d8e8229355d8fec6b67,construcao_ferramentas_seguranca,60,2492,4,350,16,16,16
b92421ea3b457d6bb68c49f39d4e97a8,informatica_acessorios,38,702,2,200,16,12,20
363a742635cc645c207ce8102de9b837,moveis_decoracao,60,955,7,3600,60,12,30
dab2413ead0edda9967edbc9bda2a64e,telefonia,57,680,2,250,17,7,13
b3145c36d221143053908beb4564bad9,moveis_decoracao,60,1646,6,450,35,2,25
c21afe62d4629a660593fd9b5e6223bb,telefonia,40,361,3,150,18,3,16
75d6b6963340c6063f7f4cfcccfe6a30,perfumaria,51,999,2,400,18,11,20
431d674f9a4fbd0957ecf6ba3fcb6899,telefonia,56,1892,4,450,17,3,11
7ca5f56188492e30c50ba64de188aae7,cama_mesa_banho,39,116,1,200,30,4,40
b35ce9c1e37f5b0f4134da0fe4c93b84,cama_mesa_banho,51,867,1,1200,20,16,20
d285360f29ac7fd97640bf0baef03de0,relogios_presentes,46,501,4,363,18,13,13
fd25ab760bfbba13c198fa3b4f1a0cd3,esporte_lazer,42,858,1,1300,30,30,35
b943428b30217b1cc766b75de5c4f691,bebes,34,679,2,200,35,8,30
c7084bc72369a57c93c6edaf0b60b235,beleza_saude,37,613,5,600,23,7,48
4025cbfac798d74f87c30ee87e6e9f70,cama_mesa_banho,51,754,1,9450,38,7,26
d39421ec4cc2bf52e35f8bf00f1ec314,beleza_saude,56,1534,1,1600,35,25,20
4e0f5e97804431100c5bded078a48df9,brinquedos,45,769,1,1400,64,10,25
880be32f4db1d9f6e2bec38fb6ac23ab,brinquedos,45,589,4,200,16,7,11
e54464e95c9fb80e4edefa0ba49133c1,brinquedos,57,927,3,800,20,35,20
2a7835ac39ba7753ece75242d290f044,utilidades_domesticas,49,179,3,750,60,6,12
bd6e6fce9ada76ea2db0f1912e8e478f,cama_mesa_banho,49,381,1,850,25,18,40
0021a87d4997a48b6cef1665602be0f5,informatica_acessorios,58,946,6,650,25,10,15
52c80cedd4e90108bf4fa6a206ef6b03,ferramentas_jardim,33,2188,2,7650,20,20,20
12dc5e5d178b930cf87cf16e812fc2d5,perfumaria,27,1280,1,125,16,14,14
b80d1191f28486e54df2e4c6bdeac10d,cama_mesa_banho,39,162,1,900,33,9,38
b9ee7519d0187d2389af62ba6c612963,esporte_lazer,53,212,6,900,28,10,28
6f248e27719f6f299e711e02651b6df6,esporte_lazer,49,816,1,713,17,15,15
3a7494d56b0e60a130d628caffc99d3f,automotivo,60,1326,3,400,17,21,11
5237739bb5fee495dbd337755a138660,relogios_presentes,39,600,3,645,19,16,18
f087c706a59c175468a1a05c5d2305e5,moveis_decoracao,41,143,3,1300,40,12,40
1b28754d4c3737f9655d4a27c118bcd5,automotivo,43,671,2,2800,30,30,30
8c464efd8ef90612cb673a5ce7046e8c,papelaria,59,175,2,400,20,20,20
3eac3be4413c51ec917d2108ab24e69c,,,,,8750,36,27,54
23ed7a10a36c6f88a757a9c83df9ea20,perfumaria,31,329,1,471,18,12,15
0e482d9064073154832a2311c821c668,moveis_decoracao,32,191,1,450,30,5,30
6cf14dbbc3b753384a72cf9c57119063,brinquedos,36,801,3,1267,37,23,26
6698f23d5d6f5815239e55660f30a0b1,cama_mesa_banho,46,162,3,3050,35,12,30
6f3b5b605d91b7439c5e3f5a8dffeea7,relogios_presentes,35,640,1,335,17,11,16
786248c98cab9ad5cccdb751909da1af,papelaria,60,339,4,200,16,10,16
3efc7a945462447c7f6219f14ce3235a,esporte_lazer,49,1215,1,1063,26,25,20
f74979b5e7c8d317baa1bfc0ea886ee1,livros_interesse_geral,40,329,3,200,35,6,24
f7b99d8ce1193a2e5979b3c1584a5d08,automotivo,60,1145,6,3800,53,43,11
555b27dfb2ed94d001c28e5624dd6961,cama_mesa_banho,46,372,1,1450,34,12,40
dca8cbb1c9d8a2db0fbc0c36b8d1a7bc,audio,42,671,5,200,16,2,11
077ff5297832d1a1c3d5be55b8152fa8,fashion_bolsas_e_acessorios,63,328,4,200,16,5,20
b59b5899ecf4bcc294a72fdd48adaa94,telefonia,55,419,3,225,17,6,13
0b0918a3b5efe0c8ea609a26b14e1bff,telefonia,60,752,6,300,17,4,12
f9259c9e7c0f12c70f7a81409680a5ff,esporte_lazer,45,407,2,925,52,21,33
3ba33cff9875e472a110e56e1db299bc,esporte_lazer,12,142,1,1300,42,18,18
25f86162fee18735fffdb762dcb10d7c,cama_mesa_banho,58,2400,2,10800,54,27,36
89b121bee266dcd25688a1ba72eefb61,informatica_acessorios,54,1169,1,150,16,16,16
abc3432ff825d8e524db1d4eac6d2099,telefonia,54,713,4,150,17,10,13
31f2e4933e944d9fec681a639581accf,utilidades_domesticas,34,678,2,1720,30,19,13
be751484da30a0a6f7ded2b640ee091c,casa_construcao,58,1304,1,450,30,6,19
bbde277e9acc929e96d1ecb114f3342c,construcao_ferramentas_construcao,60,260,2,200,20,5,20
90f39a309a8c05fa7aa4ef02178059cb,papelaria,48,605,5,1000,40,35,28
ed8ba7857b8c1dd66da5bf95ecd166a4,utilidades_domesticas,42,660,12,23600,40,65,40
4dc2ff2b31e5b034eac68824c9394902,moveis_decoracao,59,2010,5,2850,69,11,11
0b0172eb0fd18479d29c3bc122c058c2,eletronicos,53,265,2,150,22,13,15
f889fb87b505b73de10c18b93352469f,beleza_saude,60,919,1,150,22,3,15
4e191b1e429b88c6eae1a014f823cb7c,casa_conforto,57,162,1,2375,30,60,43
36e0d84a068074deed2e9b527917f468,fashion_bolsas_e_acessorios,29,224,1,100,16,7,12
f98dbc219c0bcd7fb37420dff826912f,beleza_saude,58,1124,3,1200,24,11,15
2d4910ed534d58d6b37408bb5bd46c0f,utilidades_domesticas,55,419,2,13100,80,20,33
978ea005bbc57d3f9ee16f21056f7f63,cama_mesa_banho,50,259,1,1400,52,15,37
0640a217fe729c5b8f61fd475f1fc22c,telefonia,60,786,5,350,17,4,12
4308439e0d80d5fe03f17ba83b57c493,beleza_saude,61,3745,6,600,16,17,17
5681be0ad7f0ceeebac80058e718d34f,informatica_acessorios,57,1262,4,800,20,12,20
cd1db0c97e4b3644bb52432611e09c58,moveis_decoracao,52,583,2,30000,88,45,41
2e690251b259bda3d61476c67d7b70a3,casa_conforto,60,216,3,2300,40,20,30
4d94f51353a058d28468a03ebe1aae33,brinquedos,53,331,4,12300,98,15,50
96ff741d2c7879406ec3054d6b2a11c8,relogios_presentes,49,578,6,200,16,2,11
990d135e28e075648cb7d83198fdccf4,bebes,29,764,1,340,19,22,17
36fc6e3cc37a14037506dde26d4e8655,eletronicos,32,460,1,100,25,7,16
40e8b425d1a26e2d9cb77363523e05ce,artigos_de_natal,38,1324,1,4500,50,8,45
6daadc7e6029cf01762f941e488caa1b,brinquedos,44,1384,5,6794,38,24,50
77115ce07da135cd94ffef9ac16bb1b5,telefonia,34,530,1,90,19,3,11
927019d88409196f97d1fd56daaeecc1,beleza_saude,48,455,1,475,18,16,14
0a57f7d2c983bcf8188589a5fea4a8da,relogios_presentes,33,932,1,396,18,11,14
c8d415e06ebd7a37c7a5b4a18641ca11,beleza_saude,53,1267,1,383,17,13,15
8ce0b48cdcc4b753ae4de64497998338,telefonia,52,1371,2,600,18,6,15
4debd977b5bc245487ec61b7961b16e3,telefonia,59,506,3,650,19,3,11
8ad5422c2f13436a172cbdd5f2faa00e,eletrodomesticos,55,264,1,1200,55,19,46
9a7c0784b8058269d176b3089c946ed0,cama_mesa_banho,54,629,2,900,16,10,16
9f1c3e71d56894398a42b050b07f1baa,cool_stuff,25,176,1,163,17,11,13
9ffe607c48a0473e200e4035bf97de49,relogios_presentes,53,239,1,200,16,18,16
777a181e167987349d104ece27e7e112,cama_mesa_banho,54,334,1,17000,63,30,43
2f13610363de5834c81405b88f4b8b57,brinquedos,59,1206,4,3000,47,36,25
c4ed2d82da509c490c6bb95f55cb4d7c,informatica_acessorios,51,622,1,1133,18,15,12
871cfa7d587b8305a5a0e376866323ef,esporte_lazer,40,593,1,4300,21,21,11
e60e632d39df1e129df5b7f0245716f7,cool_stuff,52,1198,3,1950,96,5,45
1bfb290d7273a442c874dbe74b4abae6,moveis_escritorio,19,883,1,10075,55,64,26
17ad136b7421ea8690fded631b651158,relogios_presentes,60,112,2,250,16,2,20
d1a1d4253ec00fc08a3ae1c4125cb31d,relogios_presentes,57,746,2,300,16,11,20
992197904e1d4f0bf3994652373188e4,alimentos_bebidas,29,3758,1,1100,24,21,16
78f29023586e374cdc3773ce0af6bd2c,construcao_ferramentas_construcao,46,1148,1,2100,16,29,36
cef16b173166d8d44b4fbf05b4b43bec,,,,,1600,45,12,30
02ca198b1084a6d8ed9e152d84243bfb,bebes,58,544,3,2650,16,24,24
39eef1b4d9ab7a5a121d3436b03ce7d3,papelaria,62,1331,1,1550,25,20,15
bace90a7338e9d31371ad47811cf4c7d,cama_mesa_banho,51,2253,2,6450,60,14,38
1b8ee158f59c098470fad33f39660964,moveis_sala,32,327,2,6200,55,14,47
d017a2151d543a9885604dc62a3d9dcc,fashion_bolsas_e_acessorios,59,93,7,250,16,2,11
5d6bea33648f018dbb563f3a2fab09f3,moveis_decoracao,53,616,1,4000,30,35,30
437c05a395e9e47f9762e677a7068ce7,beleza_saude,40,409,1,1110,19,11,18
3f994ee4a0b20760d1b173aa65037c95,cool_stuff,56,708,2,5700,42,21,36
aede48631330269f65a8d680de491657,malas_acessorios,45,573,1,1400,48,10,33
1b7ce992a80ac036dd9ab73d08289712,eletronicos,52,530,3,150,22,3,12
c211ff3068fcd2f8898192976d8b3a32,cama_mesa_banho,58,58,1,200,20,2,15
47f699d9462e071f977f612be2b5b67a,beleza_saude,44,1400,3,1350,41,21,23
8246b1e9198f46fc3c05900f43568ba6,industria_comercio_e_negocios,54,1552,3,1750,16,35,16
c2e3277619aa6604c0d6e288ef059ede,consoles_games,63,532,5,100,16,4,11
778f8850980a158eafa6e7555c085ea1,instrumentos_musicais,47,1177,5,500,24,10,14
0d85c435fd60b277ffb9e9b0f88f927a,informatica_acessorios,60,919,1,150,16,13,14
0241aa4ed831b73fd4940ffd9cec20dc,eletrodomesticos_2,31,107,1,8400,46,44,28
f6085e99db2df10f9829b6193314615e,relogios_presentes,30,109,1,430,17,9,11
a42d9c825894f96fc6ed02610891454d,esporte_lazer,57,1176,1,2200,16,11,11
ad88641611c35ebd59ecda07a9f17099,,,,,450,16,7,11
766a5c8a2e6f4ea78ab342f00614f61f,moveis_sala,50,1146,2,3300,30,11,30
0a5a41c678bcf81e041826bb24eb0b01,bebes,55,1627,1,750,20,13,13
41db6d8062fcd38410c699743ccc0265,telefonia,49,1438,2,125,19,5,11
ef30fdd053284aaffa42dfd5612b66d8,esporte_lazer,47,552,1,7800,50,28,41
c9c455f9fd8ca66d3ff7f90a249753b4,esporte_lazer,63,1599,5,500,25,14,22
3a7d90845985f39048815a6939c56be4,bebidas,50,3065,9,273,21,16,15
a5ae8400fc9fcacd4af585a57bbf264a,pet_shop,57,747,2,1150,40,20,30
20518c6950587eb5e8f02dad2fa0d685,market_place,63,1652,3,200,22,4,15
f9f260f8a0d16df18bcc7248495d779c,moveis_decoracao,54,530,3,400,50,3,25
ccadfeab525a9eb1569983b66e5075c4,fashion_bolsas_e_acessorios,35,920,7,100,20,2,25
20531b0644a0719b8d506c4db3c56609,utilidades_domesticas,55,375,3,10050,31,61,31
cde3bb853ac754da1e3ab62b7c2593a9,eletronicos,57,1356,2,225,21,11,16
0152f69b6cf919bcdaf117aa8c43e5a2,cama_mesa_banho,40,116,1,250,40,4,30
dea837d4f3f30b541725d258c15e4ff1,esporte_lazer,43,722,1,475,23,23,21
0a71a1f1eefa516fe0d1121e9ad00f75,brinquedos,42,288,3,382,37,7,26
a184d57c818939252af3b5400f55429a,,,,,450,30,20,20
cac9e5692471a0700418aa3400b9b2b1,bebes,57,2440,1,375,29,14,20
6fa8b8abbb489a0abba6ad7b79c7ecd9,livros_tecnicos,38,292,1,700,23,2,16
432357855585cf634fc9923523ce5e4a,alimentos,54,1887,5,1150,16,14,16
078e8db43688ea060cf754e7bd2b92e7,cama_mesa_banho,46,252,1,475,65,4,45
d3fe643e9d50205d020e32aaf5eea00d,alimentos_bebidas,58,965,1,1800,17,17,17
f5b0aa2b1c596d29597ba3226353fce4,esporte_lazer,43,260,2,1000,60,15,15
df4495e4ea59aae2f22d349cf4b9ab19,relogios_presentes,41,866,5,250,16,2,11
dd841bf589f05e0948ddb0c8d2c749ab,moveis_decoracao,58,2084,2,1350,69,11,11
e526c01c04bb7ef5ba2773baffcc85e9,cool_stuff,54,854,3,900,18,9,27
4633dfeb3a2588bdb52af32d504b44eb,telefonia_fixa,46,218,4,150,16,4,11
1af2a3ec7cecc4015321e562a26c9d1d,informatica_acessorios,60,266,2,150,40,2,24
177d3d5bb9d4d29222a222e3b3554f41,papelaria,59,241,6,7550,60,20,29
fa23bf270fb9880690b07d09b9f9ff20,esporte_lazer,60,475,4,800,50,15,25
4845d1421cd53de09a405f5f869add3c,cama_mesa_banho,56,369,1,800,78,3,52
357a9e8a4b691ffbb0f855b23d490c4e,utilidades_domesticas,56,824,2,390,23,14,17
4f1a7a45b6d43fa7e4958e013923d9e5,instrumentos_musicais,41,802,2,617,31,9,31
8ea469fda50c1d63e15ccdeb9afe170d,utilidades_domesticas,36,892,4,1550,30,15,30
3dd2a17168ec895c781a9191c1e95ad7,informatica_acessorios,48,894,1,533,22,11,20
9ddd762ee8a13576a809dc66f22aa2b5,cama_mesa_banho,60,233,1,2600,41,8,36
f1c7f353075ce59d8a6f3cf58f419c9c,cama_mesa_banho,56,162,5,9750,35,12,30
5c9f86c0e642b62c2100fd8d26f38771,esporte_lazer,37,580,2,3717,40,40,45
726b4e18f00255e2e63491bcba3f60b8,moveis_colchao_e_estofado,41,866,1,1700,70,10,100
dce24381876a1d59ccc9d00d3dbade56,ferramentas_jardim,28,1039,5,3550,100,20,30
b5c315fb01a02190500528edf520883f,fashion_bolsas_e_acessorios,57,147,6,200,16,2,20
b1287ed5e48382f6d6e5e1c561ac3738,esporte_lazer,60,541,6,400,30,15,15
8d4ff8de5e399964646ef5f4ee698076,pet_shop,63,971,1,100,20,20,20
4af81c9413dcb40e03e2a1bc15a6448b,automotivo,57,804,7,133,18,2,14
e59dd207c69d86e890febadc796d1078,cool_stuff,54,850,1,125,16,12,12
a62e25e09e05e6faf31d90c6ec1aa3d1,relogios_presentes,58,3006,2,1000,53,8,18
3347f12bccb00487d0d9aec54dc1037d,moveis_cozinha_area_de_servico_jantar_e_jardim,52,270,1,6450,48,18,48
7cc67695a7648efc5e7a755603402b49,relogios_presentes,58,442,3,500,16,17,13
b366c6705b553f2e2825d0a0597aac9f,telefonia,39,699,1,100,16,3,11
8c292ca193d326152e335d77176746f0,beleza_saude,60,2894,1,200,17,11,15
0e34187d4312b97b5e698836d28ed040,climatizacao,50,474,2,525,16,17,12
5a848e4ab52fd5445cdc07aab1c40e48,,,,,400,20,12,15
f7fa667a6b61aa22c87162434b71587b,cool_stuff,39,783,2,600,60,16,20
d9e7d13814ea50f9ae1f612ef6b3a1f1,cama_mesa_banho,55,556,1,650,16,10,16
635b74f3dd5462e3c133b42cd9299fa2,market_place,47,121,2,200,16,20,16
9d1893083966b9c51109f0dc6ab0b0d9,construcao_ferramentas_iluminacao,59,976,2,1000,16,20,16
6a8631b72a2f8729b91514db87e771c0,eletronicos,54,614,1,100,17,6,11
262f65b4fffa70d0216e5aafde271967,beleza_saude,55,567,5,200,16,16,16
0f4a3e29a1c122f94fe4c48c49d9cfa9,esporte_lazer,56,661,3,6850,93,6,93
dee98cc0394b12aefccbad334b415c10,relogios_presentes,44,1112,3,300,22,7,14
1468c44dd6c3ecaa8e9b12a8a2a7ed0c,relogios_presentes,37,373,2,300,16,9,17
2f9c0e14be2e1e641c76a4d0b3032043,moveis_cozinha_area_de_servico_jantar_e_jardim,60,720,5,6500,51,44,45
d408eeb36f808d5f6924ec41bdc914be,cama_mesa_banho,58,166,1,950,45,15,30
b79361867edbe85462b548334d136a8a,beleza_saude,49,1773,2,125,13,7,9
f42ce455e63158d56c2323bd054270e3,brinquedos,58,750,5,350,21,22,22
c24d97e07dcb8f32a8bfbe755731950a,cama_mesa_banho,46,471,1,10500,58,20,46
d6160fb7873f184099d9bc95e30376af,pcs,55,3632,4,2600,16,31,39
619ed4783d277b83ffa8666749d8eb4b,relogios_presentes,57,693,2,350,16,12,12
6b42b1f7dfb74bb23a01605fbedd5b85,cool_stuff,54,1596,2,1600,60,5,36
7787f84dcc43ef95552cd95d2c86f418,relogios_presentes,54,190,1,200,16,2,11
d2347fba1e60ea51f533960fc555baff,moveis_decoracao,39,94,5,300,16,5,20
01f3a99b81f49109d42540d84bcb8e07,esporte_lazer,28,406,1,248,32,21,23
30001d6521e7d5826eb1881050cea7e7,informatica_acessorios,33,1084,2,150,41,2,29
60142008404f92c16972d1cb6dd0e3c8,utilidades_domesticas,58,1567,1,2000,16,20,11
cc1b0e67ffb98a08c886e8c3c27a915f,papelaria,59,251,6,1500,60,20,29
6f404b217e9716c73d4626f722d0b880,esporte_lazer,47,1283,1,2150,20,20,20
d4f5afce58ebf89ef1186236c54d2594,eletronicos,41,251,1,100,22,9,18
6adab229374835b551f6402e0dc53267,pet_shop,56,499,4,1250,35,7,48
23bcd6822a33df5534f9b290216eec1f,brinquedos,56,708,6,7000,20,62,35
389d119b48cf3043d311335e499d9c6b,ferramentas_jardim,59,341,2,1750,37,22,40
34194988e78bc60417003c8a235b8083,informatica_acessorios,38,526,2,150,20,20,20
67bd616e1ba0d3d3e8545f3113b0140d,beleza_saude,57,3153,1,300,18,18,18
0182796b487918d688ba48cf3a0d1bf4,cool_stuff,55,330,1,2300,33,44,19
34d6306314a47fe15c1efdbc23302020,informatica_acessorios,38,301,1,107,7,7,10
090ab1523d3fe5832c09a55b7195e32b,telefonia,41,391,2,117,18,6,12
81288df52439985f610be64465e53f57,esporte_lazer,53,3189,7,3775,35,30,30
55bfa0307d7a46bed72c492259921231,livros_interesse_geral,43,838,1,550,26,7,36
d934d5a5c12e50df26c0669f578e2621,informatica_acessorios,49,340,1,300,48,8,20
c0400a62c5019cdc69bfc76d39b1cfb4,cama_mesa_banho,47,392,1,250,28,5,16
bd6b7d96a03cd99ba1f00650cc8a72e8,moveis_sala,49,853,2,850,29,39,25
44fc450365728c413fefc547592626be,eletroportateis,28,1426,1,1833,21,19,22
8c591ab0ca519558779df02023177f44,ferramentas_jardim,47,1893,1,6050,20,20,20
a7b9753ca5040193a1505f15c723c0e0,moveis_decoracao,60,609,3,2650,45,25,18
6efb6f992e2f51bc224145a2a9e3ec38,livros_tecnicos,44,1583,1,2350,29,5,21
4914f8796af2ecd359fd8f44b9b92339,,,,,100,16,11,12
101103127867af6d2af98dfb2da6c78f,moveis_decoracao,63,870,1,30000,60,65,60
3e5201fe0d1ba474d9b90152c83c706c,cama_mesa_banho,56,255,1,1800,30,5,30
44e086c4a977f37a888627b43880586c,instrumentos_musicais,60,234,1,600,20,20,20
cf5fb18f3ac3f373759295cc8ba3e2c3,beleza_saude,57,450,1,1650,26,18,11
151d7733b44e0c7b292d7e2efb5424a2,cama_mesa_banho,59,305,1,3950,40,12,40
215ec1620e0f8475dcf0a38866aed21e,cama_mesa_banho,49,1423,1,1000,35,20,20
2d5bb6fc16b9fb75539ddcd93de86aa4,brinquedos,33,234,1,500,17,10,12
caa526308abc9a77d0c56869139dbae9,pet_shop,29,144,1,350,17,14,13
7d160da04c3ede2fe9404d3524acf72b,relogios_presentes,40,521,4,1150,46,10,34
78f5f8f4547e4be0449bce34eb0557f2,moveis_decoracao,39,1719,3,800,53,8,11
9cbc5b5d801f57920de0de5ba58328b1,pet_shop,43,570,1,450,20,40,20
8626b155de04e2d0d6e1e907fbcf0cd2,esporte_lazer,47,1478,4,3150,20,25,20
75baeeacdb53150ac063abf52e4acaa7,malas_acessorios,33,503,9,250,23,26,15
e8b61f78db501ea0ca45677d1ca27de2,brinquedos,49,120,1,400,50,10,25
c4baedd846ed09b85f78a781b522f126,ferramentas_jardim,58,1893,1,5950,20,20,20
cda8b19a05af621d957a97a979b6fa9a,bebes,50,1220,6,16333,56,48,38
7efb605c0b11c538dc057c4dc6820ba5,eletronicos,50,765,1,400,16,13,14
7fb06133a9a56c3d8a2819e9f4d45422,construcao_ferramentas_construcao,54,433,1,1050,16,8,90
7fab1a1472fdd934397068931f63f3ca,brinquedos,53,200,10,600,30,25,20
7c7588d9c0e7596f400f129e8bfecb03,esporte_lazer,41,1044,1,900,36,10,19
71f5cad782714ec5d61a1bfa34543403,consoles_games,50,263,1,528,24,15,22
8e7c6eda914c6feee0ee99555bb92d39,eletronicos,47,245,1,150,21,11,14
c0c5899d3df29722ba3f12be79dfeb10,moveis_decoracao,39,453,1,283,19,12,14
a3807506fd9df35137f1b81a4e0d429a,eletroportateis,45,1460,6,20450,40,68,45
db7f3f42ccab32fa6328b3063b278bcc,consoles_games,28,919,3,300,25,5,24
6f19f41a7c7ac7e45f4070d07ed80a75,dvds_blu_ray,45,721,1,150,20,2,14
bc0d2d816d425e6ce3e80d8b9887d324,fashion_roupa_feminina,58,360,4,500,16,5,20
35ebf08a93899d44e756809e11b14754,eletronicos,55,240,1,150,18,12,15
73326828aa5efe1ba096223de496f596,alimentos,32,1392,1,330,20,15,16
6bb1532261d0a1b244b21ed4aab982bd,beleza_saude,46,1140,1,150,16,12,20
475e8a9ddbebf13af503d1c7eccadb1a,moveis_escritorio,54,800,2,3400,27,21,21
30b52585b47939123faddcc27cda1cae,informatica_acessorios,31,1078,2,300,39,2,30
07dbfabaa4709da14c7e58ca17fe7998,esporte_lazer,46,867,1,2250,28,28,28
002159fe700ed3521f46cfcf6e941c76,fashion_calcados,55,344,3,1850,36,37,16
7783fe1498ca5fafb9bb45c8a1d117e4,eletrodomesticos,52,236,1,100,27,13,17
35afc973633aaeb6b877ff57b2793310,casa_conforto,56,176,1,1825,53,10,40
aa5a88580b8e6e569915aa42f1526dfc,perfumaria,34,1462,1,700,20,20,20
53759a2ecddad2bb87a079a1f1519f73,ferramentas_jardim,58,340,2,1500,30,22,30
4bb7155e3b9b96ca2696edc357ea8dde,automotivo,60,891,5,900,32,7,29
42a2c92a0979a949ca4ea89ec5c7b934,utilidades_domesticas,41,799,1,7000,26,47,27
fb55982be901439613a95940feefd9ee,papelaria,52,211,2,7000,60,20,30
21fb5057dd6a737df6851a7ab7a130da,moveis_decoracao,52,709,2,7550,35,35,35
5b736e2bc208fe225a4f3da85e5dc63d,,,,,175,38,22,15
3a264b078bf20e98f315ff65c23fa263,brinquedos,35,478,2,8100,30,36,46
8eb7b31149dc92903e213c9896443440,utilidades_domesticas,25,243,3,525,30,9,30
3fc0df95e5b295f37ad821902cfd4a33,fashion_calcados,37,480,4,1100,16,33,19
dd6a505f83dd3c6326aa9856519e0978,brinquedos,43,623,5,200,16,7,11
09c8fe71fdb3bdb84e52b1f33f89040c,telefonia,49,602,1,100,19,4,11
c3b957b4e1d4cd8d595794d22973cae9,bebes,46,309,4,300,33,44,19
906b11f3bc3c98f883afa0eb67b0fac7,esporte_lazer,46,3362,5,1200,80,8,15
dd0dcee76f9c12fff4bc0eb641d57c7f,eletronicos,44,431,1,250,25,7,14
4c973b1f6f4357bcdcd7598abe7912bc,utilidades_domesticas,60,213,6,23950,66,23,51
1015f4f024ec3cd0f9516a779ece52dd,moveis_decoracao,63,418,1,1100,45,15,35
83aae8023b8feda53259f63e0ec06390,moveis_decoracao,24,428,8,4450,40,33,20
03e931f387c2dd5b006aecdb12515b2e,cama_mesa_banho,55,560,1,650,16,10,16
a291cc846d74d97f01611894f983073b,cool_stuff,58,478,1,600,22,6,22
d3e1006ba3735c0d44160026b6e0ced3,automotivo,53,2805,3,1850,19,16,17
3e6d2bde9274ac275013aa90d7e2bf16,relogios_presentes,52,481,2,250,16,11,11
4419a003d42a243227478f2a949722d8,beleza_saude,27,1026,2,850,25,6,21
c1cf541d5b33a4b04ddc1c3be7aa1c86,beleza_saude,51,781,2,150,35,2,26
