customer_id,customer_unique_id,customer_zip_code_prefix,customer_city,customer_state
eb03682e1118b3af176b229932bfa8be,9553802042571deac62d5789ed18a241,95765,bom principio,RS
2c7fd840b20f1551c8a151f86349f19a,4c592d97ec529a019883285afe424187,95124,caxias do sul,RS
8a3083e3f5500b50d6f4f3003604df87,ad1ba362b0121447945a47fe07fef188,37950,sao sebastiao do paraiso,MG
03f7c28100418ce57927a01d62a6cdf3,ff80f08b2a6a87e84a28bda4613f99bf,21010,rio de janeiro,RJ
3d32aac5bce2d5bde5b0645ef8b319bc,d6caf670c8bf91aed723f242cafb71c8,29305,cachoeiro de itapemirim,ES
14637e4d4896ccbebeaf2a02b0e2a851,f63181dd4c5b7d91e47629ecb64505c7,23906,angra dos reis,RJ
d829dcbbc1ddabd3a91c20b64e2ce5d8,5c3a15e958c7a36e722408cd2ce8b34e,01044,sao paulo,SP
a94a18b754523b6845747ab60c906ece,ae0fa4150b81d44201545e47d2aa9ccf,71571,brasilia,DF
ba4ec83bdd2a861c366574f0d4cef56c,8479ef9838c9bca6f1ad143f1c0404f9,15460,icem,SP
81c1b162b444c41613ad9285e92d6beb,e65a6776046796b39fe251f71b6abd6f,22733,rio de janeiro,RJ
5889225db49e6bd4c1280c55dacd8b75,9533ce91d1190c076a4a1cf4ffd0f7fc,13206,jundiai,SP
86461f32d75c88adf526de69438d0a9f,1fe7afd58ce8429c5a8d27bf8c24738f,38280,iturama,MG
24fc6ae10363187c6761d4f8ad137cf7,f6139ab3e9e9100d5210dc8467c38663,46220,rio do antonio,BA
dae09add1fb0749dd2deb3555fb5ff52,cb2b7396e93f306c9076b63930b1a332,30140,belo horizonte,MG
5e78f8af6f430ad990614cd6a8c882d3,b7d7b6cdeefc2fe237759cfedd2bdb5a,23060,rio de janeiro,RJ
6a3392d49966d00c8547fc17d85c2490,c0441350fc63bde5244872590587f1b6,83702,araucaria,PR
e26479d04765d65d6a871173f38ff5a9,552fc05a13d28356a38e8b13f64cbe4f,76710,aruana,GO
bf06992fd27d8a0a950104151b8ca61e,0284ca4015977edc8413c917b8e68355,02435,sao paulo,SP
90006c9239e7ad344dfc506766bd4a9d,b0393dd04c5516902c42d133f56fcee2,14708,bebedouro,SP
82dca5a0d58f3e7847e28a177e70f1e0,af4c1cf7039f636488d13fded958e7fe,78556,sinop,MT
c421c11493ae12b2aa0d0e455f015299,15c9f1f3d32d5226f79571a100a8f7fe,05271,sao paulo,SP
1d68bd2a2634f0efc973f13b9ade0384,458e853410c62ec3c56ddb76250e67a8,74770,goiania,GO
20fed89d4e154ab11be0d7dc8550a980,6beccfbe45aa4b180d2b6885886fccd6,04186,sao paulo,SP
301636c99160f8491897102bc9314600,12178c40438799ec2effb7040c841290,74915,aparecida de goiania,GO
af8172141c0b941edc73d75ad7264d84,ec158a6c62c1097f7ed70bb07b837bde,09090,santo andre,SP
de32fa9a83d181f71df655e44364be0e,39094e047e3f3dcc87adf483feb32a07,18078,sorocaba,SP
b755c5f04fe5e214d68445fb210d512a,a3f4ba0143a3650588df81509d44c7c9,05365,sao paulo,SP
6b512ff5290c944376228994fdb4a2a8,da5d40e473fee06248b1610e35100789,29102,vila velha,ES
45210550b0f00e247f82f8ed5b08bf4d,a82301b543c924e58739adcb64ac52b1,29102,vila velha,ES
17effd274d2fba6bd4b91ac477f63991,da5d6f1b3e1b8fd034ca96eadb28eed3,33200,vespasiano,MG
1ba1881ebdbdef7f2d119f63a4aa602c,ff8a98860a86a0f563a92a43b3344414,15685,ouroeste,SP
97b5f2f6aafce8ce852721e5458caa49,575c80c905c6a56143d0536aa077c3cd,01423,sao paulo,SP
9e2652c3469d9367573a7659b60a44a1,72901472acafbb0d4fc5d59ba4357c40,70744,brasilia,DF
e8bfce998bdf363fe7a15422b17c1597,5b59166412dd5595f77a43b217c39132,03067,sao paulo,SP
64ec93bbc386d22c3f10849c7352d319,2ef24b1be3c76a3404b9a8268aaa2728,74180,goiania,GO
d8276321745dbeb7bd88721af2a181f3,fc0c8fedf06f4315139f755425a28b85,13275,valinhos,SP
9ed9389154097d9d798fef8d7e8354c6,b82c451731cadb4d5e275ff087ad4845,27263,volta redonda,RJ
3eef17cb7b0ffaf55b88ddfa3d793bfe,88785e3fc48d90acabb7429b07139fc2,92440,canoas,RS
920de9467dd250906015fc6c01d08f14,1d568eb00797648b8b1ae1795f98a571,75690,caldas novas,GO
16b64f7b6d8c8a1952ca8b8bca2c5a30,4d8b0f13351d2525b0177089f4f72540,09930,diadema,SP
afdbdd6ec103b8d9549f8ec395ed5671,0cee82b00c2425e61081b7dfc85b248f,13222,varzea paulista,SP
5f82b6799f7f5bda22833caafe7e8cd2,69173628c3f6d1c28d6285dfdf9f5dcc,05509,sao paulo,SP
10e925f935d8bfe0a9edf39378996fd7,a58b1fe8146940d706e5f07d73bc7d51,22775,rio de janeiro,RJ
8c4630c4405c6b83c913ab4406132a08,a1de3c5e54af84b0f1c177fbdd418078,38475,monte alegre de minas,MG
fe01d69c1c9046eed7b45b06a443562a,878995c4c85a533aeb77e28e7bfa0edf,90840,porto alegre,RS
c3ee7decdc6cad76fcbfea4c360943d0,5ba3752845638cceebbf30d2acbf08b5,36880,muriae,MG
9745530bf7ae3bd09df91feac9b7b827,528eab7339748224af6eb22ba7af1062,09350,maua,SP
9a7d2f02363a5baffe17935aac9a56e8,4cd6ab2af0054a9ddc8b5010c5e4847d,83880,rio negro,PR
de0aef172ea9ed32450b0269c90e26b6,d045537cf9bd29e415334af5a6cb8ff5,04510,sao paulo,SP
413222dcd7d8078653a8eaa81ba8d96b,ec31ab57bc5e2588a118777ce93ebaf0,30380,belo horizonte,MG
696107b2309e169b96576869e2a41b81,4217e360ce860e7f32001e81531d6217,15170,tanabi,SP
01a56495d1c8bcf831311f5ad7f126a1,5733152cb1f37713b8dbe91142bcf91b,13905,amparo,SP
7d32094fa9c3a39dc91a3947cbef7a13,89b4bdf3c35096d8da5e0c3ee606e96d,77060,palmas,TO
a60e479a3fc936109dc7eec87f4bcfd6,2631abfcc64f59ec68847f78eb83cca7,91910,porto alegre,RS
55b0fd9cdf955584decbf774489ef0be,7c32e20443a43ee042b2d5eeb8955e3a,11660,caraguatatuba,SP
c4661023cc14f8b203bb388f6d486f3e,9b54a46b943ee3d1ebc2a2d1bc79e0f0,08246,sao paulo,SP
cae68961658812a8ad198ed27fb51200,474ca13daf52d941cc06e5a601d86f66,12316,jacarei,SP
20256d1b88643a4f8efaae9213d04da5,ce8ba371d325ce2856f4ef4c99737d7d,44002,feira de santana,BA
6391b6b3125ec6fbe82bf0e2d616337f,9f93044b0156639ec44b7ecfca3b9c31,70324,brasilia,DF
425793dac84f3a20dede5cd61cb46d4f,ed6319ffefb5dd25d861b977d3acb234,09260,santo andre,SP
47171f14cb6b6369a2f845cd67a3bcce,ab1b1335445f91862e930d735591527a,88865,nova veneza,SC
97fbfd543f973bd88988e248eca01348,92de41be8d846c05369434988e663488,36660,alem paraiba,MG
50f2efb2a5ba41f1b0c67ddb1daf86eb,8cbd2553bd61c34b3437e60a4caa7abf,36145,olaria,MG
6f47bf761ea5cbc060f0ac4b4fce666e,71b1207b964510e050f3677a421ee3ab,85602,francisco beltrao,PR
d1ce97e059738b228faa1e4ad83b860b,74517ea2f7d7c48994c5d41249e46556,08223,sao paulo,SP
39b59b462888c0b541d1550612718ea0,cf038612c8729d1aae8d8199bf87b357,95920,boqueirao do leao,RS
45fd0f4002588ad41ef11b08ec4cf2ce,8429807edd4ebdc06a75b12d95e64cb5,20720,rio de janeiro,RJ
4bbeac9d9a22f0628ba712b90862df28,a37da5802a5aa6f38ec64302cad8ca08,30421,belo horizonte,MG
9333ef63edca89e95e7c016f1c70633c,69ce43a0395347971e5e602adf779604,02725,sao paulo,SP
42d7132586f6d1b7f7be2f6d9a2a97dd,dfa3e421c89e004ab5ba9a721beaf895,91900,porto alegre,RS
974809ed2f12441c5c99e5ab636c2af4,d242c2a33b19c5fab2ccf4f67dcaba86,12238,sao jose dos campos,SP
a346f988c7f391f919345ab9926fbbc8,70dad727e56e0f608edfb370f6a51630,28635,nova friburgo,RJ
d8690d5619753ee8295c1a1f602d9fc0,b6b13cc209d05fd795b326da3800d9ea,22240,rio de janeiro,RJ
eeee9d1c48539af62348268fab136e2e,2883fd7c3fadd0ad0611424020a381c6,85896,diamante d'oeste,PR
c46b80a1d5e25ac1e32520e9b70ded53,e12e3ee1eb7c5ad94cca4e7429e59932,85660,dois vizinhos,PR
5f063b22160f5b66dd74ab507d230169,5529aea7939027fa11e9386e52af84af,55750,surubim,PE
a5931868ca3c3ba7b8b15801b97fec1f,f362efb7a720cb6e29d93e4e1248dce1,17400,garca,SP
7a95d4d532661c21c68fd13ebf6a95f4,82306d8c2a60a3f8485bc30a4cc55822,04273,sao paulo,SP
31f3b17dcd0402e09a9e1841d4b6a25f,1725493c8d242215acd8c8f56fa3ea80,13049,campinas,SP
4574799ec02305ad487c70b99ee872de,976e8620250776abce9c919efc2739b4,25710,petropolis,RJ
fefe47950f42fddc66afdf7315a36dae,850e8006b4f239916012dfd4f9bdeb0e,97037,santa maria,RS
8f5777a90b7294397d8f7c2c8e95157a,dfb89f9eb8bb1467b559e889a423a152,08341,sao paulo,SP
dc2fd15d2dbf52095072ff3e9938cff6,4f8ed0258f7e14b7d4bb818443cfa3c1,73360,brasilia,DF
f71daf549aff62ad50e839ea1086d9a1,522d1f87cd0763c5fe91a7277b41197f,07242,guarulhos,SP
5673cde32ce3810e1eab5570d458d827,009062f98089a091615b5c9faa13de26,29101,vila velha,ES
4ec9fdf2038cbe32c118593bb6ad7d16,29b22a981f0b959de96e78cade62090a,17015,bauru,SP
b2939ba60688ad38a646e5ad35052707,87689ecb1658b91df3cefee2142b948f,89802,chapeco,SC
90412aa593075b1ec797a9dd70c36881,fce50ad3a674fe1e7f05356abc3ee2c3,18274,tatui,SP
74081feb88afbf611f4bb95713970ca2,91649e225c832551bd36ef7f13c46f3e,86870,ivaipora,PR
f6f66dd6fa586fba39dc2484d0ab4947,d00e958d2e4f52203dcfb1d1a0e16400,78070,cuiaba,MT
8dbd9a596460b3b76fd42b13a7d77382,140154967ab20917f55dbe2d3dfa1e07,12226,sao jose dos campos,SP
b0aaac25cac80dcf398faeb698c0dd27,2bf309706aa713f4cc4ba45978bab01e,36770,cataguases,MG
16a30ce5e482ed5a947eca6f6b33c962,dfbb4c51ec321d5ee8307a10e57452b7,55194,santa cruz do capibaribe,PE
1580b820b625635d138a7995ff9e5ee0,1ea4618aaa18d40f46187da578a907ec,14160,sertaozinho,SP
3e7b5d210ff52504781d20a8d6cf38f0,34ae26a1b26b3525b594a99d341472f6,06711,cotia,SP
9050371aaf6e57515b2583acd99c9bb6,fb4a4bda0d99a11f1f638aa36160d07f,35830,jaboticatubas,MG
4a2dd9d4f4e3b6f3f69b5ed6804e6741,aa0e93762aea8c1d0d790c81f8359a26,79760,bataypora,MS
3d46e2b167c26a577fb12420046629c6,1f80b9b457fcf4c37779dd5bc661b9ce,70375,brasilia,DF
8cba14bb8ebdaefa1aa8563ace8ecd69,7df1b28f76c17fdb19e22e5fa4b4c483,04410,sao paulo,SP
fe531acf72493b23de85684db23e8b31,10a3723e136ee51c5364151c7775a7ab,89801,chapeco,SC
e93b7766c1c641d30a535fe9973895bd,267ff442736c1c9dc9a4b4d5d9205f7b,05162,sao paulo,SP
4e364c106217fcf45f21a4db793866bb,b18983823f3259d8f50a36496ea84a8d,07990,francisco morato,SP
12f0a2db64cb3b8ffbe0a340acb99050,cb3e281051f38969721e8c07190d0c40,06813,embu das artes,SP
6f8d2b555e7c26023c890ea54c862955,e35d19c64028a0752df05a51bde3ab53,01240,sao paulo,SP
ab2525bc0acb98f406e1c657ef0b26e9,b6a4dc3a2b47f1aca1a7abebf31f454b,26031,nova iguacu,RJ
2135d8c6474fbeba5b218bb1178dfc2c,7b440fe9e014286474030d757719dab2,08830,mogi das cruzes,SP
fe084cbada53a9db32d37961c2b1ac01,f1704e9368ddcf1c1236d78616b25d76,05345,sao paulo,SP
28c37425f1127d887d7337f284080a0f,175378436e2978be55b8f4316bce4811,09431,ribeirao pires,SP
206c0fcc717333d169ff95933fb47341,9a3526eee723accd014ec683afe5bf20,31230,belo horizonte,MG
e1f6a4d95e763c60aa9c56b6abe2d6e8,59461a391edf495ab442d2451d3622b3,95555,capao da canoa,RS
0599f126a96e82b600270dca9776effb,d0fb1b9eec4309a1a2d8689806604037,59603,mossoro,RN
865ee1fb8ad1d078203ed382830c0e07,d8182e33151364df08d8c6e28b51cbfe,91751,porto alegre,RS
2ffa798151feeb9238e6c60c6facd88b,462335f5ff825b6f17cee0f62368e2bf,04139,sao paulo,SP
756443b83aba78cf471a583a9a712f22,12f0b92174115360e842570307baddf4,09310,maua,SP
0b683a7e42b6c883d715590590b5f986,21ee1b03107428068f2e344c03276b4e,89300,mafra,SC
3a0a5fd64eaf4a5c0e60300434ec496e,e5238c097c0acab2f2c670c275e46622,06160,osasco,SP
e71aa4d6c1d0e48c39a4394e7d912601,9acfd126b8934746901bad32595d0b8b,13070,campinas,SP
34c7b7a43f4fb3c649c886dac07f7125,1fca4c930a0d94569e6a1551a559188a,13013,campinas,SP
31db7b9f58e06664aeb89a82f52240b8,16bf55d18664532f1b4c10bc1f3fe29f,17920,ouro verde,SP
38658a45235ad07f51a84607654e53f1,0950a89e2269d0042c403550ac89a787,57083,maceio,AL
1030b28d807d5003f132f34e5bf014d8,30b13da62761605132178625ac472bfc,74810,goiania,GO
edd297f09df0a4096fd1162bdc7327a8,d50d0e32a047a94ae4d0722c82fd013d,29460,bom jesus do norte,ES
d1fa1ed473950f63eea094761bcbf039,a0368361ef07cbe4cca677b5ddd9db2c,13236,campo limpo paulista,SP
ca9c652eec1e65db2d7b32aada767c0b,336a5319af40378c86fd797109f2b818,03227,sao paulo,SP
44fa9e92d8f954cc61aa5606b06c5982,04aecdfee31650af897348b7e92ad336,09310,maua,SP
b1c2b777ab4fcd4947514d99ddd9348a,ef9f42d62306afe6422cb4ca45fa4259,86390,cambara,PR
8dc4c1ba3c81aa79d96e459b5e8a8b66,adfc21860c222bc8b607b5ef86341153,18017,sorocaba,SP
adab95e6495905a75cb6945011a6417f,86402f64755f8805a2ba95b2b2a29471,45027,vitoria da conquista,BA
efb45eecb70bb27f975a210586d2c726,c5c742af68f4e716c4f18b507f17ed2e,71070,brasilia,DF
bb22cafe10da65775931fd4dfcc38328,75c7ca196c689b375f0f980d25852fdc,31155,belo horizonte,MG
94c1a60de2eed5c304c731a6ec674387,013f66477aa3210eb05fec3fa184de33,69307,boa vista,RR
4427125d8551590623a0e4dbbb2e25ff,3c7c7e752e4f4f2d4ab5c5c195ff2461,01214,sao paulo,SP
52b25d31e779e259422789a033435421,2271b98c96ef2dbe4241cbbde7c8c12b,22710,rio de janeiro,RJ
a61cee7568322910d8954f49f6c1760b,b6891a3a9c250146c914c8f6dc8940c7,07182,guarulhos,SP
698c9575d3f2b6fd6cd368475a5cf865,1420e793ce84ed2ea19d14996ace2165,48700,serrinha,BA
7ab374a2594bb7064ca8a34918267d52,62aad23fbe0be06a54ae50ed18fc95ed,02985,sao paulo,SP
f3b31ef24fd2dee8c429445b06376351,0473d91d551a30df5027481af9963b8a,11680,ubatuba,SP
0be4ccac4dad0eece92dc788cd5e9260,383a372bb06ef1c032c7dc50636eee24,38550,coromandel,MG
bb8edaaa3e1c1233e6c0c2692676c0a3,b1cea2fe484ca4819c2f6a48563d03bf,92440,canoas,RS
a62ed90dfc56c8eb3e021e9151fbf469,28de7333fe1c9bf7af6152972c01ccc6,12070,taubate,SP
85118baea7f7e7f2d94d59128d2e70a8,936a1b7c2d18db279315af71043752cb,26290,nova iguacu,RJ
8bd5c421d45d6bd586c368f79a30cd2c,109c2ebf3006665109fa85a3050c9e44,12224,sao jose dos campos,SP
041318f3b224ed1865ecbd61cbd4c77b,1e497c35c31d2c947d234488eac62e87,09351,maua,SP
5996053930f57df892c5c73d6d2ef325,adfacc2d77dedee0e194365d17882f7e,04438,sao paulo,SP
333a913545093913245d9bef9d363d4d,c084f0e0a76da58d603304288aa7fa32,02033,sao paulo,SP
c805f98a53f91cc2794ca2402fde6cd4,06caeb75009153db427a6098d7974115,84268,telemaco borba,PR
dc6c2fa08420a97bcac582d6cf08742d,712c4abfd9b054e7872aad2021a4aee3,01454,sao paulo,SP
53e644c7c57416bdaf0409e656ee8b0a,26b5839e505ee33e6a449f7c2c403f99,15400,olimpia,SP
9919279bb9d90740dc78c930d5a2596e,894382535eef1ce243ec19088626be0e,20560,rio de janeiro,RJ
194db5a5d58e5c923d6c2ef8c41e1234,8867d0789d37cb74fd4ca9333f5e3750,12412,pindamonhangaba,SP
544b2f3a716fad7a3a4fa19ec23b409d,55c8837cdf3977aa0624ec2048643a6c,72860,novo gama,GO
af05ae9632b87952d4e679eaa389046e,e1ea943624e04d56d0ba78fe67955871,92025,canoas,RS
8ee208e4a8579fc7bf74b535c4bb3aeb,f298f68a669e670cbd0c7e618a197b65,81810,curitiba,PR
94cebf039d51a5f2a69abc82dd162a00,ea2b26bf8738e87234007aeb61ffaf8d,24120,niteroi,RJ
65b9c8af625c3c4a37af569d46f77136,7d968cb7862adb320960788e55ddda05,22441,rio de janeiro,RJ
70b6f7d1c71cb3a1449da5a4fe5a8d02,867bd5d847441c4437493b52f60cca6f,21750,rio de janeiro,RJ
f393da6b32b8d8ab1d9b5914ffe322b9,2d5ebaca8779bfc70d5fea05fd1bdfd7,58038,joao pessoa,PB
ba3865460d9232b12cea42b9b2fc1380,81ed63903142641cd6b9318258281764,85550,coronel vivida,PR
fe543dcaf0106197870ae1c21d36076e,ebd29227edeb5b2661cc8dbeeaeacf60,13214,jundiai,SP
e86f553170b06db9ee781701ad6091ee,e3e3aea25fbe50f00d7e7ddecc9ba96a,38035,uberaba,MG
cbe9f8fd52e2a3803cc739bb06a17e18,60b3d2418fcad738b94496174bbd6880,31730,belo horizonte,MG
9d394287cc0e0045079b25d2df4adf87,d60483078c0c81748581f80d355bbcba,07140,guarulhos,SP
eeb659c845cfa9bc6b50556e53e9269e,c9b99fb03f3fde9b406e4cbef56421de,04333,sao paulo,SP
14c584eec1ab0ec9dabee7741f6c075e,46ffe7cab19e3bc89e61c151a4ba4a1d,58540,sume,PB
4399de73b8c8afafb0134d5ccd8ff1b8,64965ee4d0c0f35dee03875b616e7586,07061,guarulhos,SP
b4d9bdccef2f565308b2564514eba827,ce2e2a8c4706ae863641bf507ed6d2f7,77022,palmas,TO
36851607cae18316467f054f11a2e627,f8c74f26f568c1b52cd212e700e977df,59147,parnamirim,RN
41dab101e63cf0c1866b20cdff40471a,8110579e604a8b928b43700ee5761af7,78200,caceres,MT
651f4f5c54de7d8ca39e09f7c6c56e5e,dd76ca8e2a53d6b71641758883958449,12301,jacarei,SP
ac3fbcb5772c50de636f614e8c6459a6,2a2713562477f28c875ad40f4f69d2a0,57052,maceio,AL
f84ec948b39eb0b4c9968d5e4ffe36a0,35abcd93c3048cc4827af183b1cc3b03,87200,cianorte,PR
65761947a056b26b4e0e853086f7b1e3,9339ade05031453f881ef7db13a8da39,07851,franco da rocha,SP
cb8142639e986f3ffda553fea7e60b3b,a6e1eb7e78b8557118e99b34281f66f4,88140,santo amaro da imperatriz,SC
dd9a54bea0eff3f69bc420353f20b52b,76e450ad0dd910adc304127c01dd8ab4,22261,rio de janeiro,RJ
064e2cb3bff15053eb0e4afc471e7f2c,06f1d66196374b588fbf7cbc2793874d,08554,poa,SP
23fafaadc0b11501176401ba0003c22d,b3441a427e8889379672bfd441f5218e,72583,brasilia,DF
08b6dd70f6a9b5bdd17a1387733e3511,781d84d699c11b6151fe6604ec184e60,24230,niteroi,RJ
1c2eca232f8c616ae2c923acca50d5ed,bd431f29d0d0fafcf4706ef1a0410181,09341,maua,SP
e1e145e1a407187a0057f9008aad829f,0da0ebb4d9cbedf6d64c7c6f5df15db5,54762,camaragibe,PE
27780d964b286faa7931ef6bccb5f123,486839abb2c53eff73798c7146f86a87,20021,rio de janeiro,RJ
27ab33d6c14857fd5dcca0c26a063d3b,e09ede1057212120a291c4fa1f832c63,01532,sao paulo,SP
18af14116834f457513ba68d3c208eda,1e6d2ab66fdc23fe97ac091057970b6d,08625,suzano,SP
e7c0ba41633ed69bf435337a8efc0c7e,8f552e7eadcf54aff83af9009e3dd204,71530,brasilia,DF
dc353d9edb5d35503fae9521399340c8,59268ee5dc0cd98a36ea808010826cc8,13087,campinas,SP
fb2723ec0f0d66b08daab79d416b1765,361b5c19f63c93dd2accd5e3e001bc06,22745,rio de janeiro,RJ
12658d23a028a4fd61c6ed1baddf98ad,8a84816d00bfa9d90f315a55e0e9bfd4,09351,maua,SP
c1a69ca2899b3cc961dabdbcaeaecdab,465b533cb30b28a5d820d9ca45084dea,19880,candido mota,SP
62189b05812bf34dc2aefcb4119080b8,33534240897eefc1c8f020c3b0d5726c,35519,nova serrana,MG
d1568f1104d2015dc70bdf7d9ab88dd2,93b52b7591ca73fc44cdac70146a1b0d,04904,sao paulo,SP
b0f994938a75bb0c6a523fee2e7c5746,e4fee005515f62ed99b3f4e09d921d0d,67200,marituba,PA
a483d29b933f7cdd870da777f32e91b1,f0b82de7a3f8634becc460c0ddacd858,72308,brasilia,DF
a8675255615b3a42f92339f755cb1e04,657658dcb11a46229af44a6b6001a066,28010,campos dos goytacazes,RJ
48d9269e44b63f369a6eeb4024456cfd,b4c50a347f504c086ba2bf11bf8af5c8,77023,palmas,TO
4e2edc825b43010a5ca8a1002dbf0e5b,bb89e4f51744df82ecb801818a153037,29047,vitoria,ES
d482c96cc23e02b643f79768912442c2,8ceb794ddc239eded512a791fc6a1fb9,13600,araras,SP
cee87c1ba63da17e6d9aded0ec8c6627,0ffe1870a2ac4c4b80537171452daeff,25850,paraiba do sul,RJ
5c192d3f1d7b6f2f982c8e01aa350847,ad98c4b02f37dfd862e224b26f56778e,13280,vinhedo,SP
86cb4f1c3e32aaf6c8dbfb68fb45a0be,976a42b428cdcc4c80dd7e23dcfbc5e6,98035,cruz alta,RS
86a37dbd4b61a93b6fb20527263bca1d,17029a65a832ac0a58da6ef9df2fa900,04524,sao paulo,SP
c2612bb60a3070e0645ae554b00cb690,1b00a8f2cf5cfb7906c06f4e478b9b6d,34015,nova lima,MG
d8a76a94468f01bfbbe028908b633981,ee817fb6892963601874bd9a5b0ef55e,11705,praia grande,SP
b315622e6aa6f42dadc791504ffb88d2,4d645a79f9e8db4f4ce063f6fdc1556f,39520,porteirinha,MG
203204fa07c4ebfad4d5c75079f32453,e87c2e2e5985c5996ec20651a3d50fe7,70770,brasilia,DF
f9d6595c725eee2aba47fc7257680db4,4b72a0663701b53014f308b56a8d7b44,01202,sao paulo,SP
74203cd183d2faf3deb5629c6846362b,e96c10f142f3a616d0ec9c73cb3f0a98,05128,sao paulo,SP
80a4e774050223dd467a7d514862b986,0fa4a064989236797d08591a95b05311,35323,imbe de minas,MG
a6d0826873e7fd69267d460a167a51e9,21ae07e16a47e3fed94214fe683e97d9,22060,rio de janeiro,RJ
bdf43d2af85fb8be05435a7b551f005d,088bb403a7bf757c144df6b2b3bdd816,35701,sete lagoas,MG
f4f702d7ea3e215274437e0df02de452,dbc1ec016a5b8df476e5c366f0743d6b,09690,sao bernardo do campo,SP
dc099664976e53ce3c32de9b9d7b321b,740b9a28b39035534bf3425b19016263,13485,limeira,SP
cb63d833eec3ba3f144b12d4881f2f4a,ba8121a9df3b7d7b1bd5451536903489,46880,itaberaba,BA
d927fb1a7573ee0227e2546f5b2ac302,d9e97e176fab9b275f9665eef6151a7b,30140,belo horizonte,MG
cfc5c8672fd109e453982d27a4678e62,0ffc908947e1f0c9f17647058b9a58c2,78525,matupa,MT
c745f27eee6290a661b48e70a8d38768,73f2d3f8659c11325d46a63bfd8e08bd,36913,santa margarida,MG
a347b5c92e4dfc932d041067f2f48fce,3ffa6b58e047a85a07f78160132b918d,08775,mogi das cruzes,SP
cce2f2a4e26c4fc0745e71f78dc6f862,c7c90bdba8f5246769bef4e8347b1679,88801,criciuma,SC
dd9a99a98bd9d0fb502fefdd2b6eed39,d3ae5ec685b792fb76214d718f834b2d,22231,rio de janeiro,RJ
3b10a8f8297080ec4f0600315eab4ec8,1fa03c95aad1b3bcadf47ccfda4cf160,21073,rio de janeiro,RJ
c1a4c8eba56bf95b78267d837d0d3568,47b44949f1dc684274f579fc954afa26,71680,brasilia,DF
a996449b1a83201ba86b95b20cfed295,5f8c6f3a4b96dc87a47c35c5bb018c19,14810,araraquara,SP
5d1caf9872c76c10e211e5b25d061ab1,c506a1a7fe8a6dcf1361f1bd55612eda,58900,cajazeiras,PB
e07a6553644addb188f2aeaa5f273348,2e2d3ca6e374bd9df2e3161a7c5187cb,05361,sao paulo,SP
15eb80a894d70b00865534fd4bc1103a,f7f8503e3befafa49f5dd00928dc0dd6,11030,santos,SP
1e248ce64cdbfc9d30332ff380eef1ab,f62d6572c9c25b3796d058d7b833f8b7,05756,sao paulo,SP
b025998376e02b75dae7d887315d5da8,555789ba02ce5b47f71981657177b7e0,95320,nova prata,RS
6e4dd13384773c090e487c674a47977f,d624a80aa123d00e1e78ae655743ac51,23093,rio de janeiro,RJ
11d4407faece8a6220c06056f36dc9af,c2abc77bf1bc80c51993b0c70ab14226,05010,sao paulo,SP
f9913bc021d14fc9e5a96b3508284589,341c1bfcce15f772ef1c1e93dc360141,02050,sao paulo,SP
1327ce0ab1e8ef67113da7aa01967f7b,642f4248015621c7d5274ec7be8c3d0a,04015,sao paulo,SP
234f9b7bd7eba28c42e8e8a09c98ea31,1794843e3bfdd537d38c9ccad70587ad,30642,belo horizonte,MG
2aa26f091cbe1ebe446df78de1628f34,73254f2121f9a121ae8a5a32458bd7c2,05871,sao paulo,SP
92567b8407d1f85946cda3732c6f9e40,680e5e50b3eda64e3b4fee22f76b49b5,27140,barra do pirai,RJ
bc4ecd6bee226a3064e6f48f3a67be1f,3d0dd42b5efe4d21ee7ca0985b5a6aed,74580,goiania,GO
03e454af33e93cda33e1b22175ab8361,d05013504cc471a973af3e91dc6b52fe,22291,rio de janeiro,RJ
65f2494b7f5169c8b680f5d0c574f1b0,2141abef0c20ac53c1bbe8e9aa668cb2,79950,navirai,MS
b7edcefe737a2bc9a92eaf9feb81fb93,77c1de9fc5e7838eeed8e2b258db2e20,11669,caraguatatuba,SP
aa072112a00df3b18830253b7fd1f47f,009a3ad0cbdfc7f5481488472f72e8b1,13070,campinas,SP
c849d0ca6e024f4f72ea8eace58ee21d,f46ee9ced7cdcd3dcaa53b9743831f80,08745,mogi das cruzes,SP
d473db85c392fee4f94c300cf4ddc792,61c58e2a27aacce685979dfc1f8ac424,06328,carapicuiba,SP
e34c642add1c46f0904e95997afac775,ce1fd4ae53af3460683ee1e6dff3e028,74820,goiania,GO
996cc20f492fe7046b8562c4526f345f,767f240a60c7341190384b2d0bc82f01,38405,uberlandia,MG
25216db0abfeac5dbfc9de3cecb2019b,78a08bdc420769677ffa6eacb225561b,66063,belem,PA
644059e43894b09e9d86ee6bd2e9222a,8fd816effeb9c0c48ceda294b0eb0858,11310,sao vicente,SP
c78088a2467e83cbb726c1283608dca7,0e09770453aa9d84c1c5db77a4bf3650,09371,maua,SP
ce2172509c4149d65212484eb761bc37,c5da6424f1f5decedef8672a1a0103e1,88350,brusque,SC
01c77b0f81a1e64cc8de4f736226f7a1,4e11a713ef5224c1b4e2409ed9a05e15,09111,santo andre,SP
68d081753ad4fe22fc4d410a9eb1ca01,2e0a2166aa23da2472c6a60c4af6f7a6,03573,sao paulo,SP
afa35cd648263a2b82ca9fc2473d21b6,25a125f23f476ca50059c592a21e8363,14887,jaboticabal,SP
72822883dc4f12b4c4c118e01f1376a1,34c0fc031160b0ccaa79df4fff464db5,05848,sao paulo,SP
59f92cbd02b5f4515fe50b093dedcb19,f6d97b059c6d1feb6c63e6fb765d0e58,28085,campos dos goytacazes,RJ
193067f31282f22e08758beef998c9b0,6fd59e5feeb6fae45bdb31e266a65334,30710,belo horizonte,MG
c54850e0308f8bdd7d21266938cf544e,16685d085229f6315c19ee66eff0049a,02616,sao paulo,SP
c9208241068995082892e349a3c93140,65d6b6a1113bd6152e3307e99c5104c9,06223,osasco,SP
4fbd4b0638090bdcac4bd0a0add76ed5,4666f784ff8095e0c13004e1737ad184,04025,sao paulo,SP
db7432cb997db7083db6aaea715d3433,58ffbb506c34ffb731c99595589a4ebe,04138,sao paulo,SP
719f6e6129a784bbc01b1267fe488547,e30fdbbdc726b0cba2116f03e5cebbe3,09811,sao bernardo do campo,SP
aa3feb1d75f1019a22cc8a83c06c1c63,9c96aceebc6283e7e700993256b62609,65063,sao luis,MA
176e693c03b12688d3f796f73a542508,ae291900d1d4c67025b6e96fdb0474c9,24365,niteroi,RJ
98ff9f70b5748c2f0518a94f9e9a975d,1116cb054ce9d9388c6b1616f907e412,02310,sao paulo,SP
8d3dc05925d03b20372a146ac5e621c1,b916a4823c949087acc34455ae9517d6,63900,quixada,CE
a95dbea26da168d82f94f2bbf429868c,9509830944a9ea610a02017b86d2a28a,89295,rio negrinho,SC
0a209a88c2e3dc2981c79ad85c558059,895617ab63a9ad8881d9470f7427cd25,80540,curitiba,PR
a75bcc763c11877e9047c0646b938866,5acbcf8c54d3efdcc30a8c125c90d1e6,20540,rio de janeiro,RJ
efb0c18b84807aa7fa6b1fb5a4a04134,ebc6432a8feeeaebb32a5cb7ebb336e3,74690,goiania,GO
f87f1ea0db1d9f90a39e6d33b978d7da,1e9de4150d4925cb28ede9bc402f112c,99711,erechim,RS
9a2087e92eea09f99ad37c3a9114c18a,23e983255324add38b4f2289e4db7fda,05726,sao paulo,SP
cb2c4b5c307d9317df0ef548f4ced7cb,3546c406bcfa417586d7bf240ec32161,88058,florianopolis,SC
6ed3ba51865085a8de8bb730cefc8a32,2e5a6bbafe6b67eb00feca4e33001c27,48608,paulo afonso,BA
1cfd4ea45437f523559fd5cd23d8fb8c,4112a2a9ff69e332bdbb22d35467e986,51310,recife,PE
3deafc0474a41927e9249b78564a3257,14527b4f9d84c703de9ac715e153ffd9,30380,belo horizonte,MG
1715df4e75c7b532c711759cac4d4148,dee2286f5d6242e1b4295ee5f9e9de94,06335,carapicuiba,SP
69b9d91ba59311c2c23231ae34d2faa5,aad125539f0acdad5404dfc2def0e750,27946,macae,RJ
ed71acb598f20ff831497c147d62abbd,32f3f8ab1a7b694a0b248c6ee999cc0c,35240,conselheiro pena,MG
42d7c7a6251635276d0018efeaa9f7b2,dc5ffad268ff33250b2c77e43e2b77ab,36202,barbacena,MG
b2a3e9c6ec5d99f79eafc475de3db30a,e9978f7ed3429ae9693a4f4b1bdfe6a4,39400,montes claros,MG
47f19413eda74845406736042c7b746e,6d0bac94f5cc1d211bb2a7b3566eb196,11665,caraguatatuba,SP
1be97ded06a3b15e8bc7d21641c7dcb0,07d48495b46fc8c62b3637bb52539ccc,88780,imbituba,SC
cd9844b06a03c881a223281b601ed8eb,84e0688353bf674f564e79eafc025b5b,05208,sao paulo,SP
3549ac65c13f53f1a5f9bbca1faa3c2b,cce06cb2bf225be85a514a18c04fc14f,77730,pequizeiro,TO
85706d8fd13e45bbdd93f89b557e3386,f41497372beabe3d20481a43672ef2d7,06787,taboao da serra,SP
8272edd527850ce932066354691eaeee,a85c498e6b6e22c7051d1b4aa057dd76,09932,diadema,SP
4437df47d5e6a5a2715ada6b258c0fcb,135d1cea07c17212cbd134d5a1e61b28,35670,mateus leme,MG
e0b0d01891fea74e10eaa315c127bf02,4a5ccaf4ed3c2b0621ac01e7aa417aa7,80210,curitiba,PR
4f5e4ae2ccce7e66aeeae545bf12fd41,b5a34ad09c1ff8f60f2362bd3739d065,72870,valparaiso de goias,GO
77a7cf31a977baea81384a16e8ab52b7,3a08d60f664d4e68eeb58fc102e012fd,13390,rio das pedras,SP
240e27f232ec053a532de5b5f8c99df1,a36b01718f4558db0fb8ed5dde8607e0,59920,sao miguel,RN
9703b7581528b85f8a8ab7bff039eea0,750ebfedd33d04b145ae5819f28c16af,76310,rianapolis,GO
dbf9a1c59cf0d00800719b3c51ca2e45,95687a1b3a6692a4c5efa67c8af9136f,05122,sao paulo,SP
c95af629d419727820b19bc2c4ab4829,808b5be2c2ed26bbee252667f924494d,35300,caratinga,MG
7fa91b7ff8f3120ed5cbba8f35d0de1d,e6b83252fd9f7a9a981e122643aa6c65,33943,ribeirao das neves,MG
bfe6959e788d3b3bc146aa98f45ddb6c,2ddaeeb8948d70423c3326843412fccf,03189,sao paulo,SP
fe7374607781a49ec88f4f6e274f5ee5,08ddc0df5b096f928637e6622dc1af6b,91150,porto alegre,RS
2a29bb358054a0f3c574bd59d4c7f131,67eac55ee0b132da77f6b46e9f58c32d,83860,pien,PR
74d3b928afa7a5a2898679551b835833,3359a47fb58dd5540f33982a3a3fe4bd,29785,vila valerio,ES
e943fd415548e057fd54798f8c6b49fb,6b19a736d2caf6c16c7355879c33cff4,13880,vargem grande do sul,SP
63e248449dc3f7b75648351e1dc68264,9c57789a6a587f4efcfb01e36c106014,35450,itabirito,MG
6c5beb24690ae5ae0ebec981a59f6aa2,b0183f00b5c973760fe06afd240f6396,75526,itumbiara,GO
9756f047557b34c039fa402a19c13975,3dc5a2b71fe656bd7e11074cfdcb5469,03256,sao paulo,SP
a54c7810d4a0a3563f11fb6ce6acf771,64ef8378b255bc728db76e1b9e61c727,17800,adamantina,SP
47166d26162214b0b8d361f2583cac81,de1307c831e7ff4d01e381e423794d22,27946,macae,RJ
238936b5700a697c2b7de970c54b21c8,d05722234392e2ae93d6111a0469d28a,13212,jundiai,SP
b5d86378a4bb9da33e1b66f4100ec9dd,a9b324825bf5f625301e6749d6c25285,09890,sao bernardo do campo,SP
891adb1fb4da5da2b8b8c367bf9801d1,af668a0f61ebe9de87d3f6d6a79ec920,14300,batatais,SP
889cd3474f77acd3ef0855d052106597,952a24995ef3c80aa867df313ebaf40f,29164,serra,ES
46fa9624d8685c23181067afeb9d39f2,e035bc2dd00f7c7a6f6ed2effeae9e69,35500,divinopolis,MG
360fe62c01314738c3a169f57bf3a638,21a3553eeef3d891b20f0515665c605b,22753,rio de janeiro,RJ
4b475c967c016e2a337fe9e1f803c195,20a8103b5238dd14f8fb386b9a4b7463,11347,sao vicente,SP
dd67b422d0754d9cc2bb3f5db51a903b,11e941e6a9a3d08fbb8ee30a93302b63,29161,serra,ES
c769ff428ee9e379ae96258f9dafa4d6,fe5a0ee5004beb74ebb901c658c5eafa,28570,itaocara,RJ
00b4054d851ec464f6fb745fab627439,82c199ce18d8d976f3029a4310e8ac5c,76825,porto velho,RO
90022669c773334bc88a7f36e5356c5c,50b7c6b058bc386f4a414fa9f63352e1,74565,goiania,GO
5ba7661245837f4f897eb201624f550f,2de68ea77562217545c5dae0d90377a9,03182,sao paulo,SP
111dcb0d9a9858c0d2b01fffc0b8126d,20738507f8a57dbde7be8f66ce61a1b5,21041,rio de janeiro,RJ
0dc30fe0f8e3ce6df4c628ca41654fd9,115e8f527981a9bca3f44f2f3213b947,70238,brasilia,DF
bc3b70c375396b2103e9a3189309a0b9,78d5cb63ea2fa0684904906f0e4c9c95,35903,itabira,MG
ab2edda563a03f3767a676f16b29f45b,cbd74ad8bdf05d0b7284fe30d7473f2e,35171,coronel fabriciano,MG
6ed30ec7af7258861705f6c7bf352ed2,221e1ca1dec4035635c0ec5ec51ecbc5,37130,alfenas,MG
592c3481ee43eea664305aad2558f2b2,5253bf3e02cc87bd4515abc761a2cc59,33920,ribeirao das neves,MG
e3b51585362f32e3e0292d6dccb80882,d75acd4c5b7b4dfd32b9d9172b195419,02082,sao paulo,SP
a71c238a73216055be790a966f67ab94,cf889b2eda044478e51f49a8818c8023,14750,pitangueiras,SP
1ef52dc13ef0e0f4b614a916cb5b1d0c,27a8d775de22bf3c6e8488b5510792e2,18072,sorocaba,SP
aff59e4810efb674d1efc783f003a25e,22843e20c0f3db36fd1128f134b707f0,06764,taboao da serra,SP
c4e463ec59a357f2d138554298afadaa,f526077dd7bdfdb1a6e10cd6b194b548,24130,niteroi,RJ
91524308b1a531051d75c3eae41d7594,0ac04692cb471b1db3d5a60959aacd50,90010,porto alegre,RS
cb1f700f682e3a51b2d8cd55d577f3fb,e3c81a3766d9c853ee8ee17aa9ddf25a,11930,pariquera-acu,SP
8dad9347d1a281ed85a300a7be9d0647,5ad40a36cac888cd479c36960d6cf4ac,07145,guarulhos,SP
ebd6d28907731a8fec0f1c594c8bfc3b,e2cedf73b720c0d8e02063c3c9e32cec,20230,rio de janeiro,RJ
ac430a00fccee6f43a93836facc4eb8a,a9ce972d16bad2eb50d2df0eab411e46,89460,canoinhas,SC
cf1f153a1af8c5cdd447ea6e3616b7fe,01cd6609264361aaf702ecbee2641cea,06040,osasco,SP
308afed7ca59239797d7ecd2ccd7c956,e11a1b428e150830944b665cb6b2d5da,41185,salvador,BA
dacffceb81b6e8ccdc3c7f25a8c20cea,ccac60f32a34ddb32ec83b247c3a68c6,14177,sertaozinho,SP
3eae46e74d4780110d20fae4a9194b9d,65533d9769cfc03da1adc057f4ef2afa,32115,contagem,MG
edb1c5c35746b4a1d65ad8a98fa84570,b012fc925ed2691641a07ec86d2e9805,12242,sao jose dos campos,SP
4442ce3a2d4bb4bc6c5752a8dfb37806,cb6224938ef72376e7f5183777032fea,17017,bauru,SP
2e8ff3002ea6077d8b4b45f771612d3a,3041f5d65c4fa516eed1325d7a8657af,01423,sao paulo,SP
f0f34532c0f49c3a349e2fe20758d1d7,368ff642743e064394117853fa4faafc,23094,rio de janeiro,RJ
60c3b5a878db7aac85cb26abee3dc7be,1cdad576cbb42a05d19a13f85918b85f,75709,catalao,GO
f230350626bdd370da5065ca995a4947,dbd58000548a892700a0bb222dca6533,29600,afonso claudio,ES
fa3b5a98a4327c5f32694a30d0fa2fec,c2be451321d78b384f77f2425cde7678,72325,brasilia,DF
ba7bd8c251c6e523206a75d970a5cc18,4512070eeda071f62cde3a31ded19f8e,58804,sousa,PB
ec201fc4260520724e8ed826a03bfbf9,71affe163d03c72a07cc3238d6945440,08840,mogi das cruzes,SP
d03d84aabd2502cf10698e4153c70eeb,69dcd2dc479281caa1feb5138428de2e,03045,sao paulo,SP
c9062728d2f9e245f3945d071434755d,557178c8b75b68502d9b59e09d09db8b,18071,sorocaba,SP
6e31c1d461e13b18d437b31fa2ec127e,e176ed7148a93be118cbfb446e359374,09550,sao caetano do sul,SP
fb474032f828dfeaf99d1dc9c67abfa0,7bce4a0d256288464f70dc7308d85520,09841,sao bernardo do campo,SP
1809b56e12fc169272b817677c509ddf,449c102b7926fd08fbfcbb387a6e404f,88704,tubarao,SC
97506d4cd017040573666207f7ad537d,c75d06358c25943454ece58c4daad098,02725,sao paulo,SP
55ee15dd218c486567a23a1418983f90,9e2ff0c00231a5708365202391fc83d9,99530,chapada,RS
b6fb8befdae4a1e9bfc7eed84dd852a5,c9e2c77f3e7e82a6e12fb5ca9872c11a,15900,taquaritinga,SP
03b75b4bb4d5f3145ec04664ddd53183,f2d7e42571dc36cf945d2f671c177cc3,09821,sao bernardo do campo,SP
ae1b6f1b36f47639b665736983884bc6,b6460359ea9ee67d438f054e254cf0cc,04563,sao paulo,SP
82c039fbaec6d8e716dac79611cd8a1c,1a6a27027352ea5bc82c1be311f682d2,38295,limeira do oeste,MG
c19b4fae26bbed35de3d6ad142e6b02b,123cf5f7ac3ccecbf418558cc018a7d0,05138,sao paulo,SP
89f7508dce8638dd195717c747ab4f5c,c918631679a3a32965e24ad890388aa5,03809,sao paulo,SP
1a56b93a42160f456c60a3642ad51ffa,86acc05599817d28ce375a201a3ae9eb,85555,palmas,PR
e1a63a1f6fba5f944265e83f039868de,ac3050d2558a5f7dea93f62916bb38bb,04037,sao paulo,SP
24a982bba67ae6828be5c20e4b24dbf7,83457c761b6c00823416ee26ae189fc4,05692,sao paulo,SP
704458c6514db60176c4eb59bae24d30,f8d067e9d4482d1a32805f05320800be,13040,campinas,SP
a3b126a3b563ea3548afd53d78b7807b,5b3b19201bb81179198a9ce0d26ae56f,28991,saquarema,RJ
1eebfdb7083031b40f727fb71f6cd5b2,25ba76039a1caff121dfcb0d66e54780,28913,cabo frio,RJ
85182f0b98c07d6648143d62ec4182e6,2b4efa2bb0d9e62ee5e197cacd93c0d6,37600,cambui,MG
c95b27f706ec07cd720330a9116df8b9,d524e6d0027c6e4f03e9969e2613f1dd,30180,belo horizonte,MG
06deea7d56068efd37c65f8daff0e03b,58e6013f75c8d79f4138ae9af0861079,36400,conselheiro lafaiete,MG
d46d7edbddcff60db4428ed88fd33dfc,9b115a88b163c830eea9e44080e81223,38500,monte carmelo,MG
d29fcbfaa31416c295e90f4734baf5e9,6c093de8084a2a18102ff996fe31bd93,96065,pelotas,RS
a160f351f9742dcf1732bb802b7fcd65,dd1640a5d21d24d20ee6788725a303b7,19807,assis,SP
4eb34c6abfced86e2424dc23945875b5,083744765db229cad6129488fb24a17c,65076,sao luis,MA
6b4181b03448813620a39cf169871ab4,3d893c1bf392ef009bb06a0dcf5c6fa1,39680,capelinha,MG
6a2e9d44729494120fbb79c7a642cf98,0e10c840206e4bce1cedfec1395dd2db,13425,piracicaba,SP
9ea7875477b41433fd8e2f65a65a1d1f,503183539a4cde9ff1be148be92d9fe4,20081,rio de janeiro,RJ
df617ecf75e122f5982420b0495cae50,9a56d30e286ddea1374c143d111de34d,05730,sao paulo,SP
d8d77a2b743c3bb40884334bb157954d,18b2874652ddd2664ae6072423ead118,66113,belem,PA
1f25c018077f5a366bee0321500296b0,494cc27e7471c75cbceacfcd6739696d,74170,goiania,GO
83ee6d8c8198e3ecd30aa108a28d4b81,6da86195a1457c43de63905fe4c422d7,96201,rio grande,RS
8b43cf398f49439f18c5aeefd19a8855,40aff2666e4f64f660c941072c6e2521,13180,sumare,SP
aa0633423572bf600bd7f9bda734ed44,73ef942e57c6e44b52506f4b90943073,21740,rio de janeiro,RJ
e4e8e3c54c6e50b494ddb7f274907659,c332980c78958a4328aa453e4f7dd73f,28910,cabo frio,RJ
d89b1257a6d34bbbbb9d3741fd88c3b2,e349179dd1f912520636566e21d5c308,26256,nova iguacu,RJ
1dfc184018e7629962a4a1ddcda18be4,8f567321ba12101dedc07c70b7021069,36502,uba,MG
502dc9015b331ead5e41cc9b05483634,37d67155144c35b683268c8a657c47bf,18225,sarapui,SP
0b47866f6acf641f66da758074842c0c,5739f4b81bcdb73c9345f66ef8e60494,04109,sao paulo,SP
0dc9cad43f5f7fc790046796d674f017,fb1325a63c041f5d451cee4bdb0e6aae,08562,poa,SP
c76b3c74f7a361753f9b9cae17614acc,d4a89ca3e6dd577dbb09c9cfef80a494,12607,lorena,SP
5e3b89299a7d6e3e10f9bc6e77923f88,464a3d024ae34727fcaf86198537f5f1,03685,sao paulo,SP
2327e8c7d289aab1d3508440c2111cc0,9c9edf191f58b820c7400829edacf495,56000,salgueiro,PE
3b6fe3d556f810c109eb9987775e8aec,2c32247bb780398fedc970dfa0832e25,78455,lucas do rio verde,MT
e0c1d85e27b4f7327c1e7ea449afe602,aca735efe5db1358d0d51b746e85fb8b,13490,cordeiropolis,SP
a0f2862e615595e77bd1a0ce2c77aea9,e257df1b80dca9f8a867b601ad79f859,22260,rio de janeiro,RJ
8fe93bf674e747a279720f0f88013776,e49c5a8e64db199592cb23a9f50e9e95,06182,osasco,SP
7499df3bc3d59387a81ed0d55645de2c,d12c7cb919ab7154a0cee8adfcc212a0,13940,aguas de lindoia,SP
c6eca2cce41e4ef53a853e945b382b52,831718bd6707ec2db4f411b11f26f3dd,75708,catalao,GO
2799fe5cb33f25c1336f9c810f5bab84,ca81b113dd524c7ee478cbb33306d0f1,09910,diadema,SP
a6aa237d1c215f52284dafb8886e839b,5a0487acb3ccba0b1bc9ee728c4130bb,22231,rio de janeiro,RJ
831f008be56b77027cedf97fb3ee5d7f,4205911ef6fb74c06c9eed690b79e89f,18277,tatui,SP
99bc5d1633f1125d6913e8922a61b95e,f3b8e763d557439c08f5e062a86ecc38,82640,curitiba,PR
c9c50e93a64b30608d9fc63f83a6ef19,5e871c9a2abe08c6315f3f922b7043be,37472,carmo de minas,MG
a0b5cdd54fb202fb47805688f4577c8f,1d69fcb75a5ae79f19d3607cda9cda2a,18108,sorocaba,SP
d9e37b93fff8ef5386bfbb36695cc072,4ab082a8e6b2182eb540d81d7c9fd06c,69070,manaus,AM
a7874da00f871ce4c4110dd1f66b9c2f,a83f900d3642ed994cf95b2e6092f0e1,12216,sao jose dos campos,SP
29ca898d3b92f3578a9b0d7d11bbf6d8,3c1d098a6a25de6732b42edb29fd76b3,86990,marialva,PR
dcc13a2d32ff7ec6e1920580280f704c,00d03b5e33f8987549c5590313a4ef21,96690,pantano grande,RS
6c32f357130ee67a9ff3841459f2c86b,608d1a26896d1f2b65bfc779eabdf487,24471,sao goncalo,RJ
ae78ac4ebb89e08c5e0423bcfa0b9cc2,fd5a35e4c44d8ea5646ada47ab50a2d1,13224,varzea paulista,SP
07193e2fc8e6b8a63e6c080a3cff4d89,ac1ce9b3fc0bbdc4d72c814871b23c35,36088,juiz de fora,MG
b933dffd7bce914ecf44a45630277fdb,05395d5194f09d9fbd21d2215faaef08,20510,rio de janeiro,RJ
524b931bb2666da2d665da0984cafcb3,a04d29ea1834c0c9ba7030d68a98f6e4,36091,juiz de fora,MG
da71d587e9bfcb39ced7b8beb65e6bba,fea74e188b7ba8b49cee6e279c64c91f,08773,mogi das cruzes,SP
ea73910567eb37591907c52330458a3b,6b4e8e7b8d9a81f2bc8c23f88f33f1d2,88790,laguna,SC
6fc895d23c35083f10fe3e3275d11549,af566d588b08330b4b19ee6aaf14d17d,13800,mogi mirim,SP
89f8ae16624249b47abccb7729c5d287,76eca5ae5af7fc520e164899105e9eb0,01240,sao paulo,SP
09459fdb13104dcebd0c08f87be0c08b,dad479d4172b0c7658c65da2b696e3ca,98850,vitoria das missoes,RS
e16dbb19dc066509f763fe7850956959,30f768355fc24e7859298d69a17eb269,24754,sao goncalo,RJ
0f5f122c8655a2a18a653ffb083cc15a,a2aeed8a726068866ec77d0288de2e2b,06437,barueri,SP
4f7834e68e8b7f9054cc188ffc8c14c8,ef309784561fed416ff25e05ddfe495e,15085,sao jose do rio preto,SP
29457f76418b2b673b5c36b6aefbb6b5,502c6d75167702cab8b745356bb0c032,05858,sao paulo,SP
45193c34a13942938ead2873b64c360c,a27e975561b1ef329059939171c34394,09910,diadema,SP
50191e063f53eaf358386bc6158fb737,7f233b8a0caa7636cec1ff373b6c24af,13280,vinhedo,SP
38ac160055eedc7c75233b488b5dd50b,802048ee1cd2b9279ac0b5e88dd7f1f0,41330,salvador,BA
9846fec8bc074e976b741b9d766afded,c9d77e5fc5b63d23d089586848584744,91410,porto alegre,RS
a577945519cf174d409718b07514767b,1ab6f51cbc59e795693aec988cc2906d,25720,petropolis,RJ
44c1de7065467e83835227adbd8af943,1332bae6fb3d8461872f77e8efab21ad,65210,cajari,MA
8ec6e1c246b0c22bdf1527235f6e137c,17b86c649411a2b70a5c42ba3b78e534,32072,contagem,MG
89b0004792c9ef542dc23c1b8b80a8fa,ffb52634b4c16223ff808f266332de04,02402,sao paulo,SP
87acea672dccd1c6d744da7adf24a947,718c13c177c807b983fe3faec307cf08,19500,martinopolis,SP
7accf3d920f47c07f5bfbc88f53f9926,a7f1a6dc9ba06844bd84b810efa56d33,45638,coaraci,BA
6bae2a5db6ca78c2225e213a63d4af9b,3d5fe73f9b69a86cd2a719a049e42da2,14026,ribeirao preto,SP
08c07e9a2ca88f8c94694bd4972a4eed,2454d481eb521ebf016dd2ef39314a73,76804,porto velho,RO
308e6d942164441583fd42189b7c87f0,bf344fa7fe37350cb18fc9a8bbd18b8e,27275,volta redonda,RJ
d02dd1853ff4c18315adcae9b9340446,0ce644689fdc73cce9bd5a911f4a53a0,12440,pindamonhangaba,SP
bc9b377eea5541f00aebe8002dfdff15,6989aae6cb5ec4038ef2c59871cde5de,20540,rio de janeiro,RJ
6d3e9ccd146cea260421e9a7bae2e63a,33faaac58c27088e3a8a8afd6058a6de,09895,sao bernardo do campo,SP
0c899011c2b518fac4cf807a57f4fd7f,2fd67196b262395b933da4c1346fd26c,01323,sao paulo,SP
994be0a2320e85a0c2416351bd93026a,db591442825daea0d9ec7da87c4c896b,21321,rio de janeiro,RJ
cad3adb2a6965a5e1180a68ee254e2cf,0134caf89be2059cfd79af28d8bc1e7f,01438,sao paulo,SP
1abe6320a51b5dd13451f67d2ff446af,cab9fff97b01cb7dfe21340292eabfb4,33855,ribeirao das neves,MG
9ab6829ab5b95881413d99af140fdf08,2649819070c2be85f8422e396c220270,89400,porto uniao,SC
c36cae233a8ba856a4892d8a869822c5,f96655dae967c50d55ff1fbfb60adeed,13190,monte mor,SP
12c12ffae8f42f1ced8772ca1c708d51,6da8c333ff27c34a89f60c3a8b8f3e34,17400,garca,SP
389e7165873cd6f31d17f6d5f94fcba0,13efb012003483c7c63f07855c5b7605,37470,sao lourenco,MG
37bcb1035c6a4b6d713e03801dc3bbe1,b3eebec096d31ea54f19a2bca6d08724,06810,embu das artes,SP
7d82a13709e99b26885a188cf59d88cf,cef3420394de01f98f0c4c8fcdee1477,15750,santa albertina,SP
e986427e3d822269e0b7e998d86cf267,0eab82e58c1b71bfb9f2c7dd966e8cff,80045,curitiba,PR
333f3b8ed28ed6e0f9d3b4ecd7f5bfc7,dd7e72cc032385f008dddd36cf356381,22471,rio de janeiro,RJ
0a193a491e9dc580885abc4083f70b05,a9963a518611924f07c2c7a3ab929c6b,03121,sao paulo,SP
6c89a3dc26d1005e439d707eebeacc85,b491f301f328a008608ded913bb4e5e7,14620,orlandia,SP
1e271efc20f4dcb7df3d3a8908c0b3eb,6565da04e19d3431cf86cf28ed46d925,87025,maringa,PR
e36bfd34e63416370982b812ce3a8525,799e0af247812955c38131a7647598b5,13800,mogi mirim,SP
8de96756639d09772d2f364c7c81c32c,b87e839e8fddafb7b6711123b4450131,06833,embu das artes,SP
d642380f5e4eb7812449e5598a625005,a45823513135bc9eb30c0d984ae40826,17024,bauru,SP
a15b58ce82f163a86621d29cad826745,385c87610d86a6d2ce2c5ed1b8be5c15,44031,feira de santana,BA
a59ce5c8d691e10ba1759f1894dd8dc1,cbb28d6c78628689c129dbcaabf02d0e,13386,nova odessa,SP
832a01736d438b4fec97d9c2b098274c,833b4c56ae7aaccf8683a8ff39f330e4,12522,guaratingueta,SP
48ccf3a1988ef7c484efc8142bd0a8ea,2d1768ecedef896a26c0d5db869a4c45,11740,itanhaem,SP
211b6b842344829a0e56b92942cd83c9,c0eb233d5c837f1f558e8ec36bbaa707,38610,unai,MG
48b154cb685be74cf08890dadbfca98e,18360b995b0df86f1cb2b91b8687fbed,98300,palmeira das missoes,RS
41c34c255ad1afe994d16365b81a200b,c5a013d287b0cb15bd4e3d8ce02a676c,35543,sao francisco de paula,MG
9922420b9b6f5767d8c46ddfe4d3b22b,685abc1eaf4a2aeb07064bb55f071088,48120,pojuca,BA
462edc38c8e3268231131fbce3347b86,75dff8d19787e21eca5888a3b2ec5e6b,88930,turvo,SC
f896e70d84f6db9a56b86a47dd8718f0,f0dc35f1b6b60a5a4718b2420b92333d,31255,belo horizonte,MG
b8302eadfd19b0b4f468211664bf18f1,4046dcaec262a138a8d2e0ea01960ee4,22631,rio de janeiro,RJ
57dbb262002b4a7448accfbb36ed2d0a,7c2fc1dbde79cb3c2634cd3173e6d876,21530,rio de janeiro,RJ
0e7caa9e2f1f16c394daa33a8fecfde7,3861c85f53f434ce41f9d40f3fffd058,09360,maua,SP
54946c90d1f2903802bcbf8c5d161782,f412bfa074505674f17bb5229a34d763,11025,santos,SP
47bc31402bfc32ea5b1ad9390d88c676,446a1322ba89f591ed1970362b9677a3,68005,santarem,PA
bcd2820a37f09b7f79e08aa37a72374d,c37fc1a05e16e8059b1f91b5a095b998,48480,crisopolis,BA
e8f66ba37c741a51f2b840dab001bcef,7433db75d02854959c32b171450463d1,66617,belem,PA
b7e6d605ef6d68ee56ae32f44ba064e9,2ae9fca521ee3bc582571577ab33959d,18304,capao bonito,SP
26f8c9d8b0bd55432273ac668938f020,5acaad997a87d428d4354c5c810debea,13033,campinas,SP
b08eed69a3c73eee40d52bed298482ef,7fb04d37922776ee592acec2e22c2565,15997,matao,SP
f0192b8500e66726ff809a70709bcfbd,a63a275f5e1b74734cb020181e16463d,92025,canoas,RS
49bf065bf2bf468bb3f9e47c29a522e7,d4c54d1169813b4e814eadd734237858,08375,sao paulo,SP
4e9f7c472ba693814a2f590db355c0c6,a2d7f3423c7342a8768d8d6762e99f07,03227,sao paulo,SP
c329b3a16b13d583e13daa8a840f7193,4eb193b848f56f3ca62cc044b1668597,13940,aguas de lindoia,SP
b8c060a4856dc6ff0c09194202aeca51,19686aa007d6af36f81f07c3c508ecff,07031,guarulhos,SP
2edc05853c8ca0fd4f85b9e13da17c30,d39a4262b7bf2daab0aabfe69ab77218,04561,sao paulo,SP
a09d60347e2da4735fdbe1ddf07eacda,2cdd93040317cfc400800fbe293e5a59,11702,praia grande,SP
2f61a220c13f883b836164d7938f78f3,fb96aa7fcec2e307d3d4788eb79e687d,65700,bacabal,MA
b034d086fa50e3f4ba566e002b161b89,bd95d2121f9a3dab7e2a82258c799a9e,71505,brasilia,DF
841fe19c631825e29af4e85b602a73b3,b05eabd2eb5aae11f2cf792964be957a,12701,cruzeiro,SP
f6750e31bcac8ebead3685be804fd3d6,f3aff011695265b4e9803f2fb3cb86bc,76890,jaru,RO
b2a682e0a1f89cff5840ed5838888bba,e0a1aa604ed61564997b8d69144e415b,13820,jaguariuna,SP
415b99f305c529eff05251b2b4fb0baf,481335cb3112f5a54c9ed7b7f702aea7,89218,joinville,SC
01be2c0c2d55c597b5ec011e26e4b0d1,0b3dc7efaafb0cf78a4796d42fa8d74c,22410,rio de janeiro,RJ
3da953a2832e621afbf58fe1b4cfa312,3e8516f7f5aaa6d4276831965b722ab1,72501,brasilia,DF
8c193b870f6af1254fdbf4bffed544a3,4329ca9025968ae028dd7eb9106750fa,91770,porto alegre,RS
a54aad5eae4138da92dbf946b7f71531,ac3d0486b7d480d8a6377c735a0e59b6,95095,caxias do sul,RS
1ec4d570acab4c499a5b92cb5d2f8967,92a1c7d6529b0d56dd7d86c3f107678f,89074,blumenau,SC
191ca3c59d3e5ed2fb88a3f3ed124acc,6648d23669f764f55efa590e23e68e40,14790,guaira,SP
a26ee55d980bbbb84838b5ed8347f253,f5f1eca285d9b24b23ab0e538ea9d6b9,29060,vitoria,ES
9058d1725a0f910092c35f6da4a11464,c09b035a91c4a94cf4bc973fb2d59608,12246,sao jose dos campos,SP
0eeab95cbdfcad21ed5cc7c014451a66,bb21a93f11aab05c1daa281e5af42344,13990,espirito santo do pinhal,SP
05551733f29422ff885d0a28f4f04186,6e6a6567e76bd5bbc112d7d7f9a9c0e5,45120,barra do choca,BA
20b9fa6e5c3b0221bc22277024f4a1fe,a86044788fad77c81f1ca6f22933f749,03883,sao paulo,SP
cc64309188751727fe403d8570630495,6bc9e749760ecb1daa33144baf3eee9e,03185,sao paulo,SP
b66312c857384ed1832f8095699dcd67,29c50454ab44ffc215c1689ffc1fe783,80060,curitiba,PR
eae76d09c9a029b49fc5643c30664ab0,c7828e5f63b694f09da3ac49d56b2bdd,87270,engenheiro beltrao,PR
8610df3f298a416963e7a02438d11e61,c4063084f01f085897c04bcbd81fcb69,90520,porto alegre,RS
aeb39899f743c5f0c51f233e3ed21b0e,296408bed8761b98c6e1127abc7bd25f,25946,guapimirim,RJ
178cf970306cdf3e11914807903454f1,5e21096c66a37c25f168f48ab3aa83ab,09941,diadema,SP
6c8f5fc2f614c15dd249aa01a28958b0,e07cddb94e7699c001f366b6ab7c62a1,95300,lagoa vermelha,RS
3f1ec723909aee2fdf8c1cc065479fb3,de0232e873e47315ae283c390b6424d4,06710,cotia,SP
9567b213dce8ca5f537da23f29cc2de4,2cc5e9836adcd4b99becfa91bd370781,13466,americana,SP
132f29096d4013afb1d1b8e1a91e0ec0,90e984b66a9a286e2434e1a08a9a23a3,04552,sao paulo,SP
4092d16344338702210bcb2373506159,e3eef2ad9ef550b61e3937e17029d951,27340,barra mansa,RJ
7cc8aa1b58755e7d169084d0778f362d,939f2a61978e4e841de6b12c7840fc4b,57100,rio largo,AL
a0bc70c23b1158a462bfc9415ae8b130,dd9b099cb7a885347fee971bf22ea6d5,02562,sao paulo,SP
f91d5b6a4afce55008c258f1b62d8af9,b60149b98fa462e9db51a623071f27d8,12944,atibaia,SP
494135b0bd5233d349196e0df60d2211,4386504bf5420ab6c643c134a5dc6357,03288,sao paulo,SP
b1cdcbc7bfab9305894a5693c993687a,0ce6d8e7f2b6592768185b1782a0b5aa,88400,ituporanga,SC
da2bd16b131bc90653b87fe4d8fd266e,62a25a159f9fd2ab7c882d9407f49aa9,36500,uba,MG
a0b2aa76be2d444889ea8544f1ce13c3,4ed91ed73b58213bb7b082b325b2c819,04547,sao paulo,SP
03c546b7602c2844a20de363905be285,e0d3e27af6775c22481f79aef022d471,14300,batatais,SP
92c1b9d98949d77bf4d5b5f8f039bc94,725ecf44b899ae61b88aff4a80236260,89760,ita,SC
109cf3ecc53afd27745a79a618cb5ec4,3af90f255e824d1d53b3584a4e89ad58,35162,ipatinga,MG
88bfbe93f1c2d378de7fb22d588f9661,1579133af5d1fadd0e5e37ec439ed1ec,01216,sao paulo,SP
ed7e76c66f7fc999b2529782eaf34b02,5adaea6b8fef96ea29207caf25e7d54c,23916,angra dos reis,RJ
af19987afaab941ddba949ef09e2b393,23d8f6988fc85e2debfa559262178b05,45400,valenca,BA
baab884348d4ad90d893b3551521aaba,37cc3e75e39bb11d75a1982ac0d07c17,45810,porto seguro,BA
c2f8619be9ba2bf5949980be6ea9ac71,62b3d690a09f7ab9d12728198a548bc8,88060,florianopolis,SC
82bd57d22e9cfed2a29cf955f3c743ac,4a0e8e136cddff5ff2b24b8bbcacfe3c,29050,vitoria,ES
b0beebf7e9ddfadcc371f4b51f60d848,c0140285255813aa0830caed71942ed5,13290,louveira,SP
8092df83f189e6029ffd55d443334a5e,4b476c0a6208199a5adbc2dbfef96e44,36772,cataguases,MG
a02c3848a807fdc92f85e7f72225e1f9,83a82e80b19391a7bbb4796847b1bb49,39710,coroaci,MG
781fa4901df881dd232d4c813b933cf1,1058b6fc88985f43145ba22a83a00cdb,24348,niteroi,RJ
96a382945e9f743a47d2597c7802c431,efa7866912c827c6bfbd48f2f5be3676,85145,foz do jordao,PR
50f6c271b53735b0b626548afb4e50c4,55ce65ff6f9d97b967b29cf7f9cae370,89885,sao carlos,SC
8e54b5b1e4935a0aed2ac2bad2b0995c,5c6c284fd3894c5b1619cd7871e825e6,09360,maua,SP
d3558802f902aaa861259024d95372f8,6862e7a7283767e68fb14c52a110f6d1,12518,guaratingueta,SP
b5497c073e0cc7f337a46cc0c423a0c0,c23ff02ce0c6b05a0fcfd7fdd9af6b4b,72501,brasilia,DF
1d044059d25414bea1765816c0f673b7,09e1ddd9b6497a73ad5ec4c93038aa30,90820,porto alegre,RS
c78bc72d6f37cf261d7a381fda4bcc82,6e99e7518783af4ac50fa17eccd278b7,87290,luiziana,PR
70ac12541e9e59f1da7a858304c02a50,0418227642b5942a44de7992bf2ed6bb,80730,curitiba,PR
cd06ff43889826d2ae1943fdaa68cf6e,746525301ff1ece09ab6b7f5a1f053ba,13503,rio claro,SP
02b83a1a2a215c7f7629c8fe41a7cad5,8c90ebe331bd64b98d2e2a5ec902aa35,05724,sao paulo,SP
876356df457f952458a764348e1858bc,00a39521eb40f7012db50455bf083460,72595,brasilia,DF
e11c517db05b111d2682bcb3ab61e327,4f36b8f2e592e796ecf4c62f299b7a66,68633,dom eliseu,PA
0ad75f229f9238883a44dee88ba6cc1f,d62eafab1c6e906b9517c4153b96a22e,37504,itajuba,MG
9e78b597f0130477ef444251e93b5298,ef517611fa076488a3789fddb8479882,18703,avare,SP
a574e0d61e058f387df22f819b98c931,af0ebbae13f308394b2fcf4e4a8b7c38,55700,limoeiro,PE
11259004e69dac0f64c28698b2e702d3,4ed16134a4f12d79e401be023468cbe1,24936,marica,RJ
1a35275f8244f3615499d22380d98c61,5d648b9030f9b60a22ad8b5ce7c32011,18030,sorocaba,SP
2842a713be186f048490153c66d876ae,0784b838b1830d590aff9b93bbb41f24,18071,sorocaba,SP
896dada927cc2f8481ce0733ac6468ec,edfb598df71127e92dfd8a7776eee7fd,30575,belo horizonte,MG
76d4a3d0005fc2a1c3d995a062bfc72d,1fdb1b2757402b1c8c077a9e197b5d63,09070,santo andre,SP
498ace7478636fb1bea4357fb62a30c6,6bb7418cb646c318b0b970efa5937287,83820,fazenda rio grande,PR
90eb27e381d8c75dd3acf2f87fd8aa50,5d2dc9ddc1b45859fcf6ab31a54bd668,05074,sao paulo,SP
bd17260667bf9ba6fc98095baadc4d8c,b0b219d68cb80e8440a7fccd3dab3851,01423,sao paulo,SP
6471522ef0977f7402fcc46ae568c083,ffe0c10afc687bcf34a0451f2b87dd9b,08260,sao paulo,SP
c57a20841f0336a275242ccdd9325c79,10c6a50576bf8df3834375c698b672a4,01520,sao paulo,SP
fbdf17d388eb76b9429b4f7aef836f63,a7c51352795b68e880d4ca685a631e83,88052,florianopolis,SC
5c1d6f2b9a790917140df3013643b6c4,70d4e316ad65861d2dc7db0df52b26ad,30150,belo horizonte,MG
1475f4faed88140845d11c61adb65a0e,c0ad7980d12088541d880800f1aeb9fb,55930,camutanga,PE
ebbc53d51a9de79be500ef4db64237c0,987edc330dcdc950d07d78cd21909c15,86076,londrina,PR
015895fd0bf723100a64b0ead7c69cd6,ebbe2f9f5abdaaaaad1d0999207e9362,13454,santa barbara d'oeste,SP
b28a014f45c0c421660918418a592cb7,9c9372efb0eaba42664210e312fe38c4,02318,sao paulo,SP
e38c25fd0a93092fa341755e65cd3631,5fbd25db0138045fc198fd215d236767,20520,rio de janeiro,RJ
2f20e98344b75554e78a681c992cb5d3,22b99efa9116be57aac5b00ee65f097b,05547,sao paulo,SP
2b25f2ba843e1bae62f28c7f43211a06,d8f979fcfc0ce686f6abf5af5f5217d4,59631,mossoro,RN
89652594ba5d76f49163723d82a62097,d53ae17654f054da7669ac5ff839134f,29172,serra,ES
c4fb1c069ba21ade36983cf6ad7069c8,8a76f6caba5736d6309877ea9d99f4a3,38408,uberlandia,MG
c87d39f3ccad9f7fc9bf4d82465d4103,5d92a81be87ab87049dcd6becb48894d,20550,rio de janeiro,RJ
acc3529bdb650f4442cc91f8b40e9a7d,a60c2315885f7e8693be301294583a05,17280,pederneiras,SP
697b3df5be3d381b8b8116e35c51fb97,85b73ddd783ec89924bc3e3c5b4915f6,06540,santana de parnaiba,SP
862619252ab047cfee12fbe748562b50,fca6b333c5d897df9af0bf465469b378,68005,santarem,PA
09d0dde3c6bfdc1a27a4ce32c54b6599,4f14fa8a19f20a4b62fcbcf4ec3b3814,44082,feira de santana,BA
339978d66c8f8cdd14699e0e0fd67451,491d12855e9e662e70c1a848b0a0107d,38400,uberlandia,MG
5eedff30a379fbcc0851653d18295723,2fbac141bcb7101d19fab96ef64100b3,06807,embu das artes,SP
cbccfa131f9417b13c43c21429910022,7462a753a77ed093330660f7003064c7,03115,sao paulo,SP
18743a6eeaa18eea441a526f714e022f,4000003be716f8c05985d56019bedc60,02064,sao paulo,SP
2e45292979b9b2700ea09560eeb0f803,bb8a37225e0279ac8a274c9765617eaf,74663,goiania,GO
b51281d5c8fe567753940498c6508c49,a90f28cacd952c0e995ac0f08e35f03c,06763,taboao da serra,SP
83b5f2b720344397153281b6f4021d20,f63e56138ee7885ffc3b7e56933446e6,37280,candeias,MG
e6403361fe0deb95faaf78dbe2b37d09,febb0dae8c171fb93548859b9ecae68f,92035,canoas,RS
66d8f30fb4390d0b8d3e0b639bd367a9,2bbd09d4d1fd7751420a920931100140,65393,buriticupu,MA
27f7d35941527e3ab4db13c6fe2a5e77,d8ce0e44ece69672d6bb5dafabb21aa5,25965,teresopolis,RJ
6d1c28c90a63f277029f47c7db8eddd3,c22346e8bd3e9b8ec254efa84289caa6,74255,goiania,GO
3f2453371a3c5ba06c3f468aeecb5c70,b5a5813998234eb8b624435640e3fec1,89520,curitibanos,SC
0763c0d40237127124928fd4bfbcb690,6e55113346cb7cf3989fdd61a41152a4,05765,sao paulo,SP
c0c8b8bb055100a0cc08dcc04d847ac9,82ec5f749b66f1857e868b6414a67ab3,06765,taboao da serra,SP
c79a8458c63c18d441ea3a4430211eb1,e9bb5d0ac79a63882095a40f73278138,03651,sao paulo,SP
8b36301602029ac8f28e6f14a682c089,f2cf229fbdc07907907d96274ec7aed9,78110,varzea grande,MT
2f7928483e82e3e5c79c091d974985d5,9aec6f5a629e1a689fcffcc671b71e85,27353,barra mansa,RJ
7e531f641ecdf9f963183853812cfb59,16cff086e2d423012029e5202360d7d2,22783,rio de janeiro,RJ
b95d2f9bbd4c67ae66f0205e049bdd47,a9208203978f82d89b79822d0a8a6f6c,65110,sao jose de ribamar,MA
c7c94293f2433a2421bc2dbd8cd23ee6,07c827034e7b896749af6c9cc366c00f,40243,salvador,BA
456bc15b6d6ff358f65574b05e443459,ffe8f2fc0cee48f79934bd2c506fafc0,08215,sao paulo,SP
2cb0c084ec56c7fc7d6278cdd8787670,259a143b745a93c577b929e9fe90adaf,40150,salvador,BA
a2ee2b8e443d009d5198a5fcb673cab3,c9771849f3707745c62cd85df35e8638,12287,cacapava,SP
10545554aa6652e877c8519d3144a24d,1cce406d8dc2d095ac310f6ef8ecc075,72155,brasilia,DF
c0d89db256f87c1b93dbf08ef124a363,b02ba51e3af17178218569937f813a17,18035,sorocaba,SP
4682711611a149a9f288e05f7093a526,559620bb304bfa901a54939d04dd203f,12244,sao jose dos campos,SP
91453e7ca56963be1899bf47df4be342,8e303e93b44ee0b968cda8d517d7f8df,01228,sao paulo,SP
71b5cbb958bd657c21d085a0d8d93ed4,368b1c6eaef1672cbb9415f450cfadb4,35160,ipatinga,MG
2f9b8619efb59affa0046e1c0d708c96,9821c724e352cacada2c61d316486d5e,05128,sao paulo,SP
b9f0fd7af2cba07fe0f3eb88e58c5807,5a1a6144e1b36d1233f3d83504ec130c,38800,sao gotardo,MG
d06fde36eadfb52477c545e5922b1c9a,4b256de10191200af4161c5d0d51da48,12030,taubate,SP
63a63a3d1eb4b42d80ed149ae626b831,7fc892d9111b060b1c330301d9d61323,22793,rio de janeiro,RJ
001b4e9b73aa98a6276b241bfd496822,b6d2145b6b5de5dcc494c151af5fdce9,11436,guaruja,SP
40d5f204b84520a278cdc2ab9c557cee,3cb48d16ed9d9a7f438683793e863e87,08031,sao paulo,SP
7d503fdcb60c50cbd8159964b13654c3,689d5db2a334474069029dfe6c556e1f,18160,salto de pirapora,SP
a99420ee8768911f91f34b70236ce3be,a410199f4f322e415970851646841287,08311,sao paulo,SP
db8eb2e67c2b59f49a009213a8190ce5,bb8de63c9f7b07330e2be9741068561c,13505,rio claro,SP
eb1f5775cb6c152c959d5a76a8204baa,4f8cc6471488ecd895f2073b868929dd,27916,macae,RJ
85bf7a0363f2c51249df17c5c995a220,75870d5ee2589a06f53a38026a4ceab8,28500,cantagalo,RJ
10da8310d728c3b3b31b9e58e89db53c,329771c6ca14f3f7563da59543d60219,78043,cuiaba,MT
28cc138d10aaf11f6ea6c7503a23e8a0,4783f02ed6fbca3c4e321d029826dbf1,09661,sao bernardo do campo,SP
66091413e273b6f33eff38a695392f3f,e28f390e557bb15c8fa9f7cc4bb5b5bd,96213,rio grande,RS
2d3af39a7671478e882a9e390007f6c0,84d1ce20856eea1aa76572c618c78c79,30880,belo horizonte,MG
d14d3c023b1b86bb3dea4f86a1605550,d28ea9c0aac1e58a485da5324aae949f,64015,teresina,PI
80acb3276f8c1309c044141f104f85b9,2f2f4b5a5700a5b108e6da7f0f5f5bb3,22451,rio de janeiro,RJ
822d89ae169a34fc33eddc98e2e90e23,343a7a9382091ae4d0b150c52c86aa19,05802,sao paulo,SP
d34411df392e5437e4582b81f9ecb90d,d09ec60718e454b7f2d3c0de607d69fb,13940,aguas de lindoia,SP
e624987b8f8a9424f614771d13698100,ce035dc4c675ac090c8a0ea03097d1f0,78850,primavera do leste,MT
6417d1fd8cb80c2e0bf434e9a283bb1e,a9627c80243a2e970d08e277f1d27e3d,93410,novo hamburgo,RS
5092c34f9cd47ca0d9113d39cc513940,c2c9cc435d2b82bf64a04cf3dc5a0a12,55560,barreiros,PE
f886bab03373ae225f6a7d25e7ec14a9,684a5af2fdb1b2f2e74df1660a897e7c,28470,santo antonio de padua,RJ
10fa88a7b6a80c8361f3d4d83b6d384c,7ba4e1c44f34ce244666826c869e46f8,11050,santos,SP
34a015971bd8681dda63a6ac74d6c825,dc12569409e7f9dcd01e3449cb883571,65922,joao lisboa,MA
5ec74474854dde59f02205d0bd68abc1,c9395a5b24e390e597d697ccbbb90572,30640,belo horizonte,MG
4aee9f8027afb09c8490b3d91f3421d7,1ae15ac704d32a9ea9f2e1570404d1c8,75389,trindade,GO
c78c34e7592e3ebcf506ddf2e0d68e5e,6f80dd8505a9fcaf272aeaa787e8daa8,37014,varginha,MG
999e3c7a67f519385382c467f76c5393,6a53109a98162e696df52f83d20a2c03,83060,sao jose dos pinhais,PR
958e8ad93117fc0cc509a39861a1e7ff,1a5f53459ebb9f8a705378dc76f572b3,01403,sao paulo,SP
d42685f4266e965fe40dbb114869159e,523b7915f240831d06b34ab9b804a200,18480,itaporanga,SP
ec801af195e2b30cb44c179b8fac3376,45e27efb6935ca8836bcc1e35b663b4a,24210,niteroi,RJ
9c6016bbf8f57b1aae49ba49fa48d33c,17dc8ed4c411c8f498d9f01ea62c188f,12702,cruzeiro,SP
e7a1ded8a16fdf3a7676b01a71d55b78,a6679f6e560b26e56cbc588ee80d2eef,25807,tres rios,RJ
da2ccdc414de2205d98e7772a2fc37c1,7b3a9396e5e5750ee23a07ee6e78c107,08140,sao paulo,SP
25e478c307b5543559a8a7bc74b2a068,8577a03bd8df4b9411eebf95efddbe8b,24210,niteroi,RJ
040d91478309e90547cb930b7405509c,8399fd4d16eb35256fea5735e18e5ed2,59612,mossoro,RN
e424f099ba16554747def169a15b2b4f,4623e25513fd0f0b829ab393b98e08fd,83560,itaperucu,PR
76dc9e33e0c0f5abda10293f94c86423,6ec219f9ffa6328adeda7331aefb6224,37940,alpinopolis,MG
2d90e35c08e9844be3e33d7be88d5d7b,bfc84496b1100cbbd83a6f8087526168,03585,sao paulo,SP
069b38e2803b8ee0482f95dac627877e,7514c193ac9fd7bbdfb0ae42a05309ef,95680,canela,RS
c1fbbf8f9118712100b9c5695924b523,1e9197e682c28e264c48bbb98b992237,29306,cachoeiro de itapemirim,ES
661b6da6cba54a43ea809f16c419ea24,0a72df48aafa1602ff6a6892a56ae5ba,82620,curitiba,PR
ab72b4d341557427246cd29f153d583b,f8cee2028b6b1e274e0e6178aa743bca,18200,itapetininga,SP
686fa334d4d911e9ad2ab7322363815b,21ff6b67205558381cfbec10ee2fa4e0,40725,salvador,BA
1a814d4c8923ef3a0e978777f00b717c,d277ef4a75c805239e54be86625e0722,71929,brasilia,DF
b16cd1296147fe2153a24ae9be382d68,af702f368f324149262ef325cf76e5dc,88801,criciuma,SC
654f7f79950acb5222c49c6bc56dff1a,531fdb763f18791dad739a99e29ba05e,78043,cuiaba,MT
bb51ca7550fb2d6d3c9013fcacbca5b2,9cd2d6e39e6a740ee3c6fcb77cdbf976,28110,goitacazes,RJ
be8c3171fd93be859af167b6aaf33af6,a0bf718d99c37ea39a6ba5cf3be46d5c,29168,serra,ES
c88f43e6c3194c2d966354b7ad47de53,dafd3545d3538dec663e26b09fa4e47b,28040,campos dos goytacazes,RJ
7882d91898341a59ddd07cc20b613d40,1762922315d21b4fd5205f8f9c0676fb,85410,nova aurora,PR
9e73c9ebfd2c3c58898f89e7d0409ea4,21b5bd1b2c31a2baf0f6f49f3d35ae5c,22030,rio de janeiro,RJ
689575ded4fb7b7c264f327f0c64aa9d,78efb72be6e814b502339fd067f81d11,05634,sao paulo,SP
4b2d705397245b9b0542eb3f31034dae,923f4df9b9af64d1a99b902786f301fd,37800,guaxupe,MG
3e26a4bb735d6ca03379a86274ed9229,cb054b7fb6c7254b4de29b2c4675bea3,09330,maua,SP
7e3ab6709f035a498a17cb5a9e9e0b93,e6cb7eb6004ab4a83eb100f264a35159,45603,itabuna,BA
4d02e7d9b02f003359bce7134dc4941f,595deb8c0af0545280e8d9bac8213073,88804,criciuma,SC
1adf1bdaabeefd1a481a848c62b455af,e4f218d824a59b96c4399ad182327138,27273,volta redonda,RJ
b7919647bde69acc948baa47823d6c75,6ad46014a4203440c38e3dbf7aedf51c,14740,viradouro,SP
598906e581679bc9af2e1f1ebaca663c,cec1e2609b0eb4dbc9b556a9a3a104d3,58125,alagoa nova,PB
8e607c2cb0711018115d7a6aaff94bc3,2ced8de59385249e40413ffec045e0ad,83408,colombo,PR
47bf336b7e7bc23158324a69da765cdc,d049011de14a77bf99fd493f4d56f001,06236,osasco,SP
0c90e2e49b87f3b84262ad7f6f7b11af,fbed0fde7eb2b367863b9c434efe62a3,89035,blumenau,SC
042bcdea41b22aa79516d40e4f374ed8,51c23d1b01aebce5a1e32e3d9b312aa3,78400,diamantino,MT
9353974c6d727e3739a8370ff655a774,e9d6ce102dcb8ab8a3387021b5040f70,22250,rio de janeiro,RJ
6761270051135aff470ac0fc970e929e,325dc85b0e50effdc86e740694934c54,27320,barra mansa,RJ
bfd67443b57d0bf7c809e99ce4ebf132,ace7085309e08e931573e1062edcd66b,87060,maringa,PR
5370e275eb7b56d78bd41f03c6446232,65290fc39fc326193c8a5b9c71aee62f,29101,vila velha,ES
e1c828a8bb2e4d96ea7ab8542865f103,48e37c88d35ceb60154f8969893505db,66063,belem,PA
23333f60bd6f1f3cdcd1f22524eb6721,9addedd61c79029bdc2a0cbf82dd978e,45416,presidente tancredo neves,BA
410b6b4c567227cf189cc4ceec3a1411,5d5df5a6244b5c3d88006045b03ec679,88307,itajai,SC
2cb7447e1f39e0226cb412707cf38a09,63dd33126cc3c114e8467d0bcee1de70,37410,tres coracoes,MG
13a9174710a2a98da53a186dd90c0292,795c1622cf7a53d63d324e862349d01c,82315,curitiba,PR
7d8c3a90378f108950bc1f34e987df90,1f45afd2a70585e3951b610c137bcac9,45607,itabuna,BA
ca68daf43755062d6b719a1b36f92eb0,4ff3bc5c8de3042005678d5b04a793d6,36400,conselheiro lafaiete,MG
0456002a0c954678f3a3151b18ad4a05,bca189e865ae06fecc876629651afb4b,21830,rio de janeiro,RJ
a3413efece911dfc80dd67c37ed1fa30,a250aa1bdda81a2307f7dbee6ea666cb,14401,franca,SP
0eccd889365bd8b8169547bbc25eed73,62df309d79399a7f39f6b2145ce5f8f9,11065,santos,SP
388025bec8128ff20ec1a316ed4dcf02,f9effeed3df9ae063a58c0759b96f8b2,85804,cascavel,PR
37c0ecd9010b98888a02504c69abfc50,7f8cf52e29c6f2751400e4835c09d204,08572,itaquaquecetuba,SP
a7f8e23edfe4f626606aa4ea905ae93b,5990ff5bf75a8d5a76bbaea5cca77229,13056,campinas,SP
f1ac767c61a06ae554888bf690ef0b94,db2de56ee76453756d05a1746cd43fc8,35160,ipatinga,MG
e80621e53339202d76c5ab251fa2582a,83df6dd279040bd5ea4078e1f4dd3a65,07600,mairipora,SP
df6697e2f4abe368dcd220afddef5746,9f74192f4084e6ab67e5eb45e80cee23,20550,rio de janeiro,RJ
f5d02e908f5fe2c6c7f1207989c1b114,14b7cfde02a83da4d098a3e8759410fd,22070,rio de janeiro,RJ
043e1a8a42664d4e6fd092d4b1f878e7,c9410ea221526f527d0f5d0fea2db50f,11075,santos,SP
5e319c4b67bfa5b94e74b2309e9eb394,fa9b32b63c7dc7157575ce3966c02077,17730,parapua,SP
c8dcc1767867cf118c0aa5f86519d14e,c540e475e972fedf571cd4f924382f7c,71929,brasilia,DF
cc8b0570332e15f77abf874fc2da154a,5243d15988ba986bcf948d51c18f7d83,88701,tubarao,SC
d182581ad52cde827ab2ae703e773452,ec7d3be1bcd3244d568032ca3d64c7fd,21380,rio de janeiro,RJ
3bbbf089a6d913378b28cc1849c98b7e,f74eaed533215c3f83c9a134eeeda378,64028,teresina,PI
3ffb10bbfb87f808e1c8665cd4f83ba8,68730a178e52aab1ceb8e4e58267eb1b,41830,salvador,BA
58f2a6ed0fb6042ee5b5e057ab9a9264,3ebfa9825219ae06ebc52318830437cc,16200,birigui,SP
efe6b975ad6b24a56b1bfeab0ae12fd1,b748d4f5d3080ce97dd1ec2f71e5cb1d,30627,belo horizonte,MG
fdea9d678bf2979af34b835a4349b904,8592d215e9e6151fd34c824e1b110db0,98465,ametista do sul,RS
200edb1c132c2738f191a50202241f35,279f16ee0ace1ef49e6bcae34e6cc194,39330,brasilia de minas,MG
30718e0e99f2eff03d3d80ed35312f1e,cead70544c4657faaf2aae3b32c8c667,66075,belem,PA
d4d6b4b9d85471149150ceda6dee1501,4092bf290aa60e4f2d4a0dcc2f38c954,01009,sao paulo,SP
24dbe914ad144e6daac4d54f3ac38775,594f29af2bbde40c2bdac35f9fcdcf46,13210,jundiai,SP
2a7e297b30ff4a624ad2d5dda5b9484a,51bda701d0f05d2f70b31a6759c39eed,63645,deputado irapuan pinheiro,CE
8e0193c71b2b59a05148996de6841d58,a790b79aa6d54b7d8936aa53a443d1ec,90040,porto alegre,RS
6038a8e8039d115a4ceaccaf98160d07,edab05372ea5f8a8ec1f9b57e1e61a39,26650,engenheiro paulo de frontin,RJ
199b9ae9fb9231bc21cd1c2ade5ba3be,c2b85b27ebd380c2c156e3e8773bd4c6,13670,santa rita do passa quatro,SP
c2b7c8b9844ce8239986985f4711fe6b,268c76cfd8c07d089e62433b6a9e60a3,05443,sao paulo,SP
50a2bbfdc15bf77a19b7e096c8eadbcb,638eb407d3971d3984b603455f16fb69,25050,duque de caxias,RJ
af813d7cecebcc076139351b95e7d289,356698bfff8588efe6ce0ab749e4eff8,88354,brusque,SC
1c0c100dbd7780831a70ab4e78c5a584,304cbf77db8c1544e2835be04e621bd9,11950,cajati,SP
6f57e98447337541f81aecf5335ed124,b09fd428208d9ec8da7a41bd1debcc0e,22290,rio de janeiro,RJ
ea9088633ce0a6828760d9a1d0de3e14,be2b953d3544ab49bfeed8298b327f0e,28621,nova friburgo,RJ
30c6c7a5f5570eea755284d1775568b8,fe2517f53818830d508656b7f68d1fae,21361,rio de janeiro,RJ
45b7888aec363575f56da95b698c465a,1068107e93cbef52ffa28f43759f8779,36090,juiz de fora,MG
5906102635e5715ee056520207b101a0,8511875de3e248309e07eec75684b142,12608,lorena,SP
8799df7efa464aa364263bf7675925dd,5c34fcb25cc08d6b1cb159c282634ee4,35500,divinopolis,MG
f21be72df342026508f9072dba657632,3398995a5c59191270e501c78db5f0f4,83824,fazenda rio grande,PR
e7614d4b134b3e8aebda0938a84d9878,0fe3da4907f8a47e5a6d07aac0532a28,18190,aracoiaba da serra,SP
55c46824828ced3be243bdac63ab61b3,3e6ee816aad8242adb9c7f34c5499921,54753,camaragibe,PE
5e34ec818bbecc4dbcd66d703eda98ac,4f13efad183849754d81498775a8718e,06315,carapicuiba,SP
d610dc41c3d497009a9eb42b88bd5dff,d48232e69c57f8e8198aa16f89a3d8b1,03277,sao paulo,SP
e6775a7638f68355e3cf369f3e1e11f0,b591f5bf6d3e9cdf40f968adf9ce2748,38500,monte carmelo,MG
175bdeec28f72792b7df9bc8b8481bcb,9141edad498bb47527ed800e101b5f5f,14096,ribeirao preto,SP
64d8e8b44d4ff5c2974d8d05d73bdd10,f5fa87dc5b492d3e1324f3cda0d5fc7a,66615,belem,PA
d2da057d4083d5150c6275d1d17b7070,3dadc7103d20bae9a1d9e0ade0314b5e,28970,araruama,RJ
630b53ee81b257e794880292133bf170,d406d1f9b701a93b646d16b93a5d33d2,70650,brasilia,DF
b7f9c7a0b694d1e97d28d3406e994d1e,64b1fe81d42876dd76fced8889fb015f,12940,atibaia,SP
634591dd7e8bc907a41a5a0d6e450fe7,debaae1c6a6a9329d64ab69d7c34e0dc,19050,presidente prudente,SP
f2339ae279065c55abadea96d38178d0,d5600043edd55457b552cf196abc4d08,30750,belo horizonte,MG
cf3772ed0c2c62f2411ec6bafa1be74c,1b34cbc989f331282378969b472d3588,14077,ribeirao preto,SP
cda108ca8623c898ad5cbedfe9f6fc88,b08aea5eb574f4513b352220d6de7ca8,22790,rio de janeiro,RJ
85df45704acdf1ff318576830a282d19,e378ece7324086aedbcb98b5f5eed332,29900,linhares,ES
1acfa2218cb27d4f3d8a50e94d01b7d6,5e8004bfb7deabbbfdf5e1aa231b1fb5,03008,sao paulo,SP
8f96972b98cb7bfa22013af482439ba2,9798ef74fb0730b4c3012fa25ac96c60,36515,guidoval,MG
d34d3389bf81798f3e74dc622b038a95,ea72e7fcc3e097952148e9aaead45e43,03731,sao paulo,SP
54dfe35409074a33891f8731644518a7,cf6537b8c233d17a93a1b6f7a9a94aa3,45745,ibicarai,BA
c77d0b043f408944f858efe328a82738,c66b7ef2ea9e6e2e7b3597f8131b56d7,95270,flores da cunha,RS
dd54a565c64d6feaf4430f69b4f53bd3,17911c0c8ba0fa37547076ac10eee3fb,65916,imperatriz,MA
1c99df5830f7838be17f9760bd3d2bc5,ed2f468aa669d96f99c1dd75a3d0862c,06036,osasco,SP
bfe4d7c78180365eaa59b57902ba2e0a,d1cc1a68ffdb10523c8904db67e650bb,27211,volta redonda,RJ
07b37fbfa3d8fe1c16ace64c754b4b0f,ce1e1e7bbb0d4e48e7fd6d9f78b037a1,13930,serra negra,SP
d266372ab3c63af5c6503c9315b213e2,8b3dcf8b3599606d6423a4731ca9ae53,05396,sao paulo,SP
79bf49fff32de9cb236d31bcffa1d6ef,d335ab93b86eb5ad92b44c469a1a8d56,71503,brasilia,DF
240c865a9f8ce153b1a4a0a3aed150b9,4932f15020489990d03ecef264177e0e,68380,sao felix do xingu,PA
7c27d90ed9cded084da9e9a54472f983,c3c06a0f7692aeb2478cded3ecc3f2be,35160,ipatinga,MG
4e2b70d245c3a00cc4bf8ef95d9dbadb,0b355a14c548a718b4e423a3914bdc17,63630,pedra branca,CE
a7ef64352fb7fdebc2f7a65c0ad75325,30d2d6693d77801c2bcdfafbba202462,28908,cabo frio,RJ
1bd0d28ea82c44fcd1acdb41b4f464ea,a61a0484f0c42f81f6299b8d89123823,16800,mirandopolis,SP
e17387227a12c3cac59fc44523d162e5,46958f708ade6b6a88b2e5aca1e66de5,85640,ampere,PR
fca1ec7a5d4f094bf6403fa09a6af5c1,93ef6d0d094718bcd554c569e61b2271,23013,rio de janeiro,RJ
cb39dede73ee667f5b58944fab009ff3,a942ba2a7bed631c5d4ec4d756b9df90,11680,ubatuba,SP
40a91c7d480f3dfa350005175ab8cd86,1f17641a9f9ad86c56fa3f3401102857,06018,osasco,SP
f8ccd744c489a7cf8929be838c81c635,c5c8349390248aef203390b693cabc8c,20775,rio de janeiro,RJ
8072452f5e9108b02a0e8a57961ddcfc,4c3db8a783ffa1b556d846e78120548e,05836,sao paulo,SP
b785d2314d0f934135d9fd1725230f6b,b94205142c3fe115e026b537556c750f,47850,luis eduardo magalhaes,BA
ea96be5147863f2b3ae58b00983a6d09,71a92c4502fc684eb2d5dfde66931cf4,18290,buri,SP
42b41007d8b9166d15d2b8898e23e52d,480993c197cc786a5e3722e58304de38,13044,campinas,SP
14777b1b80f36a5b1e889b6ebeb634a2,20c502cb9e1d8d4c555d7b63f6f5aa2c,09910,diadema,SP
add3e04b6e35f4df7b08f92e0b7acc71,e6be62f693673ca3da7ded8c46122ae0,32371,contagem,MG
e43366d6939a89d151f1ad9246d07b8f,9e6d7b03c60ff48f799449be3fbcd16b,16074,aracatuba,SP
0240a546849fb56346f3f602aac8e04c,7dae1baa2a566d6edf4b5ef4429bea1e,04013,sao paulo,SP
1e73856ff88f7317350280a958fa25e2,c2624b25ee6f3b95c721752d17723529,04337,sao paulo,SP
483efcf2fb031d5a75cca49aab77de4a,c082576c9ffa606f3ac234b44e7ccbf7,74350,goiania,GO
3c61d153a0c28055d1a1b539c70108d0,67466b5877fad6f2279c1fb634c9aa5c,84045,ponta grossa,PR
79566318b6a66b5ea84699122114a934,4e95c3db873ad0daa03d9a233362396d,30240,belo horizonte,MG
0db3d540da7eb431e5c5969fca57ca07,79c04f21df92026bf1cd10262a7e0820,36972,martins soares,MG
f840f0447008c6176811942645f9a30f,0f424f4c18f96da61b1ecc28281a319c,24808,itaborai,RJ
577701d3d24a554e38b47d391b1c418e,14ff354fb345f1801c04a61e7a357675,03732,sao paulo,SP
9eb27cd8e9d5d572e11f99ab3f3530bc,1f63a40f124533574ff2c7b9b9ba8b0a,39830,itambacuri,MG
b41621582a61faa80d6607700ea04330,7f26e88bd140ca9a8e4088e6851c7d73,13175,sumare,SP
93ecffc5232c696502c0835ea9ac8bb1,13482d6d131905c55ba490e99c3f9769,19033,presidente prudente,SP
17f4da960385fc28aabff33e739e314b,bcf2d3bd55f6749f7ff68b3b8417462a,12323,jacarei,SP
6f954ca9d9e2dd198a72526cb966c973,73f71caec99de82e5ec02b5b59c6c2d8,94190,gravatai,RS
f47a3e021a077696be3337820048edf2,ac955659bcaadc00ff0410e19d2783eb,20541,rio de janeiro,RJ
3975ac6ad466b998b9ed73750192cbbc,bfdef8ee746306df982186eb497f347f,27985,glicerio,RJ
b0bb9bbd58b0d9380fcfda42355e4089,3129ff2f82dff6e27510f8169e40ea2d,13254,itatiba,SP
e6fca8fbc9c7096c3c1d4a464a74fe89,adf458f98e9ee1dcbdf88c2536ea0596,75534,itumbiara,GO
f13734396b2c9bb9b1a0f09803712833,bba7b9cfd1c937323f3ce6324dd9ee24,06416,barueri,SP
cb6967ba89bf0c0146e4cb9eeb5b440d,c55821f6a2a59a93d4cde13a2ec14661,78665,alto boa vista,MT
f968b0bf97f533e582ecd3c84a266ba5,4523e292c74e5d811d92249ee35b39e0,64530,novo oriente do piaui,PI
a5d154657615af89c19f5d280eaef844,9cd14738d67050a122e17596a97945a8,41750,salvador,BA
12898a6722d72027d1862c147969adfd,ae53a87a257f8e54795af6ff434e443b,45445,camamu,BA
ee7406f297c95bc245c9fbd29a8895d1,64a9261b6e0d5d8ee52e1cfb52c2350d,21351,rio de janeiro,RJ
398634ab2ca4bee203cd25ea737a49a8,c602b245df5ba83a335cc0145581ced8,05417,sao paulo,SP
1faec1b2c2a13fa81394d4ff3b112ad0,533bb817850cf3ad1d6e1ab3adf39fb0,18055,sorocaba,SP
c889eec026a928be2c4ddde850ef4919,f1074cf981af1ffe480a9781f1d0b0bb,13405,piracicaba,SP
cbc57689231f7033b69a4ddbfb2019c0,14966bf90cc0602c4596907f533f9995,38067,uberaba,MG
b7337a831378a57196f7e83fce090948,dd73b2c2de46a16bea5535cfba5a0c36,88220,itapema,SC
40c894ae26b148a9c7e3491c99400628,724046dfbe631c5ec36eb1256157a910,91330,porto alegre,RS
c6d834527ef04cefed15fc9bf3bbdb7c,41aea522ebdd9ba78d11321d240fa31e,97105,santa maria,RS
4f478a1b6fdf3b0ea05cba4ca2aa473b,91e896ede1ad968d626db06bf3363652,18021,sorocaba,SP
40905525660d729391fc706263a8ed34,631d78143a2ac7b227f852b995b4409e,13405,piracicaba,SP
38ab12976fda60f9c224adfe69523ca8,0b6d5a31c4ae0c951f96d40fb1641a24,24210,niteroi,RJ
c2947e56dc5c90920aacae61cca36845,53ac52c7eaa14d5da5263cbb8ca1c77a,03164,sao paulo,SP
59acf093c0d83e9d731710cc54fd6d92,6c25a588bb1dc8321db547b516c06551,13070,campinas,SP
7cb49dacdbac02e8c66298569cce53a7,a7ffd0dd76d5ade08dfeb96ee2f1748e,12221,sao jose dos campos,SP
a3a976476b6ac6f10a6aeaa6a6a24d4c,04a0438ecbd3b8dc44624808f161182e,25045,duque de caxias,RJ
07a0f2cfb244ec5172ac0fbec747a6f2,020c0844de3cbc0e65fe2cd62ddbc985,85857,foz do iguacu,PR
312f2600c780ef11495b2747d324451c,45cfc55a4d5073c50be858369454fc0e,08021,sao paulo,SP
1ad0dece6980bfb8fa8c3264637b77d9,9829beaaa12bacf208e129f2098913f7,73850,cristalina,GO
c7b11b637c5fc27c489e16d1fe801af4,6a78f846a7a89f3e334141a514dead1d,01134,sao paulo,SP
b9e7d8b529d10203729359b4660021ec,c34e349e96f7ad6ceb0723adb5400f0c,04545,sao paulo,SP
1ad00acd47366f0fad9b5258e2ef8a36,33b239671c1c878914ed922a0dacd607,05128,sao paulo,SP
3a6cd46a9e28dace3c4f72bec2b7b2fd,74fb85f97d239be1db3d8053b5061797,75650,morrinhos,GO
0661d80b08b50705a0e95641e65c25f7,1b9a48096b767ee53cd9767f8ceb730a,34300,rio acima,MG
7fb813eebaef144f1a4c38e3c730bd02,c488f6d456fa4dffb75bcf7cc4f6a1a3,12052,taubate,SP
ad3997ef798ba2f1726554913d36bd87,cb2e9f3e4b9645e8e13e47075bd16a21,60040,fortaleza,CE
ba26119ebc275d7342f7f7a400c0cfd8,cfe31dd0d736bb373e0cf91c58dbafbd,09820,sao bernardo do campo,SP
a048712aa4a206a8338d91a7092a488e,3d2e970e4f58adf9d533c5e1ef45a71f,82970,curitiba,PR
12cc3483aa642a0bec778f15ed0b2738,a595e9ab24a7e30e311b9b56aa5cb280,37584,congonhal,MG
ffb145238917df668b2d40bf9532e6c8,74ffea658fa22ea2788b68b244e2a9de,30190,belo horizonte,MG
f8260ac0cb6df254a4c7ec7dd62a3aaa,ad1d97ae7b11b3578425bce235b34058,99950,tapejara,RS
091644e5b77192246134faa0a042a356,3d6ccc45f51d061c0632fb284770be14,12227,sao jose dos campos,SP
ea94754b4cd71085c914bf60e5a2dd56,dd992a8605d72dad260930f75d0e13e4,13338,indaiatuba,SP
c46769e0da8615cdd59fe67f853ebd85,b9652692b36ba71e5cda65e4f8f83c4d,72146,brasilia,DF
c17611c9d2852a5b128c4f1ed28fa0e2,fccfbf734a92029859c4fe58eff05114,39670,itamarandiba,MG
0ef9b2f2eb46a3d1193b12676de597a3,7480dcbdd79758903c89f1e8548b60c5,64058,teresina,PI
d11670a96c9b879a92a4783a707a20d4,ca19235d341e7cd7f491081b23b3c87a,48500,euclides da cunha,BA
4bb0b800e2bafd5b1df51ea1e45e780b,a0dc0910971f4c957ca0d19416566c47,89186,aurora,SC
0127d98d4a7e205081ddac271d6b8e52,c0f2dff1f913fe4237f13f4c98ecdd5a,03644,sao paulo,SP
908dfa9a7f826cac4f898a765ccbcb78,4a756bfd2164e4ef855cb6769423683e,88307,itajai,SC
1988d7220b2bb21edbf4e37e3f635481,e7add4fe78e3c25b59119a5766dd7ccd,06867,itapecerica da serra,SP
2487a1f2ca00d0bbdd2b768b7407d75b,e5200f35de4c094ffc5c6c56398fe944,11030,santos,SP
648deadcf7c258c1a06ac5f17064280e,bd90162c6aae0b10c7698d84aac082d5,81170,curitiba,PR
11e9daf0fd784f9c81aa95c868d18bf4,93ba88356cdaf6ea7414e264ffb1f3e2,17560,vera cruz,SP
2e64e5e8249adfb083002ba9557ad24a,83a3745968ab3d20063d8a5e801e9144,96745,charqueadas,RS
0ac53fe825d1296be3e877493b0ccf4c,10c14b8d65ccf290efb3018a713ce117,23905,angra dos reis,RJ
563e9c2a3c5061cdbdf8cb6f828cd165,d0a6b16b246f9250bfef28b28e6eb166,11446,guaruja,SP
db59c47f100c554beb2fdf19d892b32a,52f8542252b5cc4028e9d6df45944bc5,05716,sao paulo,SP
2ebf0ca919e99131163a94511008fe93,57269c3013d426eb412ad1277e8ba795,83055,sao jose dos pinhais,PR
a5d55a74f380d575e1b4c4e4ccd8b42d,11dc79c80ea01db6883b586951ba6884,98005,cruz alta,RS
9668acd4745aa7554baf734a6e880ac0,cd995a16b76d69cd6383c9d13d9e4bc1,12530,cunha,SP
57382974be066f139ebe0f3a177b4004,624e5a79f725335e414f35d3ebb3906a,81830,curitiba,PR
2badfd9e28b8f021404cd1af9240f064,810a9a2fce946bf92306da103ca1575f,37550,pouso alegre,MG
5ccef752edd45fef7a1585a62a3c0a20,46c3e28fe8d7700d01084877a6371471,22790,rio de janeiro,RJ
24f3558831b27d94b5f6c95a35cf8464,11c124573d10ae993e0321f56a151dbd,30642,belo horizonte,MG
5cc48607521a18de6b6e2eeaace14501,69d53f96fa1fd127565c68e0c98bb4fd,89750,peritiba,SC
7b8602bfd7410fdbd226bd6834947b3e,2c74de174de65887717532ccb94bb5eb,05138,sao paulo,SP
8974c83d17dba1c212c98adb6ea6eadb,9dd892e57b2b367c20c624a8c44b77e5,15385,ilha solteira,SP
aac7996cd5a3e93ba06ebbc0ead5a3df,038ef20f6de6a3294fb0e4e380f2b2a2,11045,santos,SP
81158f4b6c7e435523e87b28358dd55f,d1672ce3512e33e2d3f0d7d8b99a090d,18072,sorocaba,SP
3f7d26944f7f68bd2ac23b5e8b500ab0,c8d183727fc9b4dcac256fbe246d6270,79112,campo grande,MS
139cdadccfc90320a5d8599745cd10cf,421979d2aca976bfcdeb3b4f745f6b35,29580,dores do rio preto,ES
06befe7433b2a159c7fe6d032bd9363d,fbe09444993da8c9e03a04cf33967045,71916,brasilia,DF
c4a04aaad12f3208ae0b1a76ef3918ad,971990c4351040cca69ca519f63c3d20,26155,belford roxo,RJ
57abf224cb31e916d2e8f86fca92e631,23dc3a062c6c097bcb3940a909e7730f,09842,sao bernardo do campo,SP
e878e62b47d38518219dc965e4fc7281,717f1dc5ed2dc818d23c383e889b3030,41701,salvador,BA
85aef466e2b060295cda720078676318,e6938f9659c2ee30b506199210abec81,89280,sao bento do sul,SC
f2850bb56cf2cfc489501ff4671bdbc5,e973b99aa912989d43054cf03005f868,28613,nova friburgo,RJ
043111eb2b35475e7264e40c234e92d2,cce1ebae571c00a8cf32a9e71ce1d7e1,05162,sao paulo,SP
9d93a559f49450a3918a61465196ed8e,d1d3ed3ebb4721dfe38682554c7f4029,16203,birigui,SP
4f7101886e76a0fa9285c654c92ef0c9,283e31dd970145afaf853fc9775dd5e2,94853,alvorada,RS
a27d37b50d5647c132898b4fbb6782e9,ec442faae8422b7ea35399ad213ff494,03404,sao paulo,SP
6ed1ed99e026664b097bfd6e34234f6b,91f9093d6cb2a6156a26d847b5c8c8c7,06820,embu das artes,SP
71401d6f3ab1671cd5569779cdb9480d,a482e030e2517ddbf0f93d8798d8cd48,54310,jaboatao dos guararapes,PE
f62be7ad24b3143213c452bb0cc9e92c,6f414bdc22fc55ab960294b8f9e6fcd8,37900,passos,MG
c23fb1930af84487049b7d29429d618e,d636304cb6c30df849e0bd370050660d,07197,guarulhos,SP
dd1b84a7286eb4524d52af4256c0ba24,cce5e8188bf42ffb3bb5b18ff58f5965,07261,guarulhos,SP
17902228ca51ded3c5b9f6dbdef80d6d,4bdc9a280b4488f012fc46108b82b700,08441,sao paulo,SP
043166c34654da038d2d97c57ac27e6a,af2d7ebc983f470f6b749a81d147cb61,39505,gameleiras,MG
f212f27910c574c5835d1fc48eace4a0,7fb9799d995f17c3db2652a1adb14e10,18240,angatuba,SP
8b880ab73383ab5b2d89b1433cc10883,1f64401d6544c420706208f5ba68878c,06386,carapicuiba,SP
4b9f4135b5b4d9420423df73f77ac949,fad19f81405f74af0ff1d67cadd0cf38,74303,goiania,GO
a4e4eb0b5a6fc9aa1839273af0f6406f,03cb74bc26bf2d9c14f52f31a42b97c3,08750,mogi das cruzes,SP
a6b4224286518410d6a29b2b05d821b1,8f90c831457ba0cf3172a739494f5640,04176,sao paulo,SP
4c98afa4ca10e1d85ddf126c0c19834b,c95f90d982a990f7db59285b6d97fb2a,75180,silvania,GO
8d26289d2fae953a89034bab3efdf657,66ec3b6b238eb0c81b95ff04893518b0,35500,divinopolis,MG
1fc9edfa5157a14833804b4ffeba2c2f,9f1fc6a06662230a1fc39572248a64c7,13456,santa barbara d'oeste,SP
c706d40d9c1e703d6c5f5342129f04d0,187e4319707a349b79163f0eb1ef8e5e,29146,cariacica,ES
2eff76851dab3f65075beafd2f4defad,8e44f6463c7ec58338d72e206854f8bd,18055,sorocaba,SP
a53d0a93c43728928e650fa9594d5f61,137bbbdc413c31c44d77c2804c1c90af,31730,belo horizonte,MG
5b40ee158c068bf21a34d6d5103e2e1d,61a8a6014566d1435d1860b7c9d06a49,58051,joao pessoa,PB
89128b58a471ab0487f3198a463e80fd,23a9436c10d77a5f040576597077d6aa,88407,chapadao do lageado,SC
e7d86daf277ff8cbd05acaf2de72df59,7089d4f625f4705fae12eaf02c504281,04520,sao paulo,SP
d9b82559f506833a5b2c6399d157059c,26ca20ff263502c115769540069e351f,70298,brasilia,DF
cdd80b2081f42efba588cac314068473,1b01a85652180f2620dfa1a1bc4f91dc,85857,foz do iguacu,PR
3f64f68ca314162409d03c369cc1fa8e,5fcec12eaf737cdb2ded91e81f1dc266,60321,fortaleza,CE
c4f1520e30ecacaf4625b73784fa4c92,e427478abbe2388cf98f4bfec123e817,18406,itapeva,SP
c8573b163fe4f9b3dff6464c927dcac8,bd7313ebab015a89363f426ff2c70445,81280,curitiba,PR
0e428c743cae9f960517faed86fe7a0e,ae321e028b6df39a2136312feb2f84e4,31230,belo horizonte,MG
371800d440c7ea96d8757c42728e0032,b021c4914aaf3c673e92473fb1e61010,25914,mage,RJ
82f7651d498a901c651f2aea61b7262e,7ef7b38de97c7ed8593b9e6651497213,04626,sao paulo,SP
039e022bbbf82354bd7ea61f3d2d8339,48234b2beb62ad60e2aa0c27a7cdf267,36881,muriae,MG
c469d5b6ae3c2c61e9936a9ec05f21dc,9f6ae53157e537b0e34d5cf6ec4ea8c9,04534,sao paulo,SP
7f26acabc0de284841a6faaf0c1c0d6e,2f2eb7c27c3524e70a2635708d780dd6,13045,campinas,SP
7e44a2ca0368138091e7d001d33b1adf,1971f30a2d9430d12a4c3540e1fae21e,11070,santos,SP
2ecb17e36f928982da214aaae7f2d7aa,3316900754c0667c6d1cdba18d517544,36480,piranga,MG
4ae146b62393e6b565cbc8d6cc149233,7c94d323d2188159253000480f1a4839,89667,piratuba,SC
ff03e2ac07d6dd7580a7cc349e3b37a6,1d4b025b1f238bb3eb386db7d01660e8,05577,sao paulo,SP
95a33b9e31d7f366c9e8be44c7f402e2,00d85302f43fe8848153e3720c34ac01,96832,santa cruz do sul,RS
f272f062d84c339be94ffff26f582723,f109289e6091dc0c7ae788b82b7a2a90,84345,ventania,PR
b3f3105461c1fbbfa2643be0e7ef3359,ba06852aa0cfbaf3e534272d2be15a96,24120,niteroi,RJ
64e3c3576b1c76841c56d4fec94c5264,289410555e77b17958f6c008359eb524,30150,belo horizonte,MG
93ad62fc1229e9099881648f34813706,5506de51d8ddcf415bd12d9824c38eed,39644,francisco badaro,MG
b0c33e271d5098a6280aeaecf3e48639,168e53571f0da076eb259eeffe98eb8d,23894,seropedica,RJ
c7e376aa9ce54b73baa1125944387490,8e13edec0d9b5ad8f3fd6b32a5e7bbde,03077,sao paulo,SP
5164e21ce84142db5439f4ae25f579a5,892359f4ba99a24f1addac26ba108a90,11040,santos,SP
bef97440218f17f5f6a75807e2bd7793,f52fd777cb220b39d2020b34128b1301,71574,brasilia,DF
153de0dfaa218eb8a6ffcc4bd5cd0f65,cefd8bbd4b3c39bdb256fdb865b7b8f4,45658,ilheus,BA
7959004bf58fbac26939ec9b640f2379,3cc2b0e3f6321ae48b4b5a92f7fa0af8,14810,araraquara,SP
0d96a1fb32c4c68e63245cbdbe523457,8e98374874bf4a61286d68ca3c83be52,82960,curitiba,PR
138f87e7c0902d7890876b95dc1a5ef4,ad0ab3a7b55bde26410aff17192f6699,09180,santo andre,SP
d42f9f5f246e48d21bbde0765ca3640a,0f29a1ad1743055ea89e91b173452ccf,89703,concordia,SC
331433a5f105c6ecb2be21818b8c142a,b72e8b036b1f6dc1c09714ba57a746c8,27513,resende,RJ
51fe7d2da662fa7eceff7b97a6c66591,13f716fa34bd2b3e7a1e67cea70930db,37640,extrema,MG
f5afca14dfa9dc64251cf2b45c54c363,38cad70d154a4dcc42b598d5c01f7ef1,25211,duque de caxias,RJ
749d30cbf1b9bd281f3a8be978f6b8a8,c7c19110042036e6266adc998cbf1289,62580,acarau,CE
4fe6e159f06434ef5ddae50ff1fa6533,d104884584163c5c8cd9fcb6f52e3017,61760,eusebio,CE
28df59294c71a63c40ff8ab5f97d2d84,d439c1a4cbd97e0057133755f9ed0c42,09070,santo andre,SP
770d7945efb2aa13cbcf28eb7a353def,b451327530ee1dc95a3c03f34d97acf2,22710,rio de janeiro,RJ
54e1a362d386863805db2b1cef80cdd6,7659618a78ef6a37c80116d50c2ad901,04546,sao paulo,SP
ff99ec31eacd560b39d8ac9bc9b3e79d,05982d28754c6ff4db35d50e9ee11b24,05410,sao paulo,SP
7d08f025c28db259763efb79171d7fbe,b31a9f05df5545cbe16aedbe65e3c560,37200,lavras,MG
a75907958158e25506f50ad5fcd605c0,23584853216d380c003d9ba9fa962428,30535,belo horizonte,MG
0400b2f1a68d9a8cae29fe11727ceebe,4ef36808638d570c5fb593b3f111e993,06516,santana de parnaiba,SP
3ef1961b4655f27d115bbd65b7ae17a5,f4401c1c85baab9db3ba74ccd0c05e9e,39700,pecanha,MG
0b66eb99b1af5a704c8bb97390d2ea76,fb76fb542caab10b86ecf698a3c49cfd,80610,curitiba,PR
74f0cc1d27884a102efa142ba1f540b3,2099f93ac5ea679cf2eb1de091ab87c9,18112,votorantim,SP
cf51d3ab484330d9c266cd7e83fa37df,71467d5d06f7066227fb1d55fe2a853b,35300,caratinga,MG
e6562b43e71911e95374c2eea157c11e,4274b716c07a8621a48c2ba4b01c5df9,29149,cariacica,ES
6ddef3de281b5bba1e7d35085374f54f,0e42212ad9cfdde8a8fe3df29d682cef,08430,sao paulo,SP
7f52f3f969ad5ea4a7b9828b41fe4913,65b13de479f7ba879fe089ebd8d53f8a,05616,sao paulo,SP
b1cb57d839a262ae028152874fcd4255,078fa6f4e39a6288ef858fa22c8d4503,05509,sao paulo,SP
d54215e9d0698a25e80048a37fe10f9f,b673435ec77f0b5f5d73d896fb992c8d,17470,duartina,SP
215ebdb1bb6a8d7a74004f5320349615,f4569f464c592dc09f2fd60d016f1b16,60346,fortaleza,CE
491689eb90a5e67c0967a80dcab074f3,978c8ffba59f7650d77198236ada2e26,03944,sao paulo,SP
4f5fe5c6a063a0aaf01e32a773791e00,62082d770428ae1658b5a2ffac9c8749,04313,sao paulo,SP
42be87b086b08d5fffa3c5eaa479c660,ebb7eb966817370dfbd36b7e88b0445f,06210,osasco,SP
c0c28584291e1c711bb2028a4c85b7d7,beebc1be0ed751dd085655f8864fae65,14020,ribeirao preto,SP
e80fcc7903fb212f8f326277a3adc529,586487a9f98131ff1f8ad96493449ef1,08572,itaquaquecetuba,SP
a2f9ee83cc551cd380ebf53a01e7893b,c45ece361aab055ea6c55b61eb2d99c0,08810,mogi das cruzes,SP
2b734aca7ae6ebd9138a4d1879b0d20c,2de716466b332c55b9b6ad6619bef1b8,92025,canoas,RS
91ad3f8e690ac01a441bee801929b0fd,e5c778e6b81792517b5c3c1a56037841,91250,porto alegre,RS
49120746ae7fdc40f72d549f0dc3afa9,06865568b85ea95b06ff48f94b1a5326,66020,belem,PA
dd810dd0a6c0af12c6450f51f139a2bf,3648f9e5f51f679ed24deff1f031a093,99708,erechim,RS
8c045d0442a9354cfc68a056c51a817b,fad90f16ddc71928c1b8df168ed6f47c,57037,maceio,AL
e5ebeccac97f5d1d0580b471b47a8843,87726d88f0e4f580a57d2a9fbf5714ba,48680,abare,BA
3c17af24cda9bc98674f6d7196cd5af9,923b7039b96f81c6cbacfd8fec031916,27323,barra mansa,RJ
138eb7784345a6df16c545bbadcdc9c4,94a5c15761ff2b2607f43d802d232d96,40430,salvador,BA
138c289139c20975e732feabd97f3983,6fcc1fbcfb53492479620eced99b191c,79002,campo grande,MS
84b792c2ce37c8e8eddcdbfa16130e10,2e4c7fbec4fdb54f1cf04c1446dccf12,88302,itajai,SC
236b6c73651af91335ddfd6d34f6422c,fdc58370af81e72cd02ee17ff0e3164d,04191,sao paulo,SP
91c97d87d9a42187329e6ff6816a8251,042c4b7a631b4e91da36716f93e7e017,22775,rio de janeiro,RJ
45d0f33f9a4e1688ceefd7a8fc7d54d9,e124b9e1d9b7e2da7851792e2cfd7e90,15910,monte alto,SP
8c8ebb03344906d2201f54daafd859cf,cb91b5b25e1e383e3b16135d40fef818,95240,ipe,RS
5b7312052e4b59e6ca49d9d81216f832,155af62b6c947689a67af5c16acd5c55,39820,novo cruzeiro,MG
762bf1c1701f2aa392bc47c82ef8ba2c,7c39dd24356572bc221e519ffda3bed8,13780,divinolandia,SP
f6f3e85b8ac3846b8b3ca5735ad0e19a,65a6ec5d6e6e86bc43a2cbf235be4675,32310,contagem,MG
a5e9bf539b43985bf77dc7c57783c639,ff5074ba8b01a03882e3935c8c3f5fc9,02928,sao paulo,SP
c23a847f6ffc7605f0ef67911fb58908,a0099ae4aedb343539162eeb0d23920f,13481,limeira,SP
becd99e96b08ae2bca207c431703956f,0c777ba9a0ee55a9e3f14490958c74a7,35450,itabirito,MG
1eda56b47988d592fec945da9ee88c56,551a43d7e0bb14426e6ca28d7eec8463,23954,angra dos reis,RJ
0440345aa3f318c95691cd2345894071,4c9970ba5173d36a54c376b7f02c3aaa,09210,santo andre,SP
d47db9098abd035789999ed3185fb607,3b0e018f00ee3175ed35c62e799e838c,01443,sao paulo,SP
1c76fe8aee9a8e6c4e431c68db930c38,4ab9d24130427259b624531800288c87,24450,sao goncalo,RJ
0734e8ed607954bb0d89e1d9435cec68,d1f6133b9a20c8f5d401f476b7706c61,31140,belo horizonte,MG
98f2de76457ee90e5d8b763c25c734de,10276d60d5486cb3e368bfa68c5351d3,79560,chapadao do sul,MS
116d853f173cfe18e5c38d3cf786c278,b331b54e352e6d56f49add47ba49f880,79560,chapadao do sul,MS
91b3ab92e7279abc4955341318de42f2,4fb338a2fcfc5369c861467d10dadaea,08599,itaquaquecetuba,SP
c062ee6149be02143c82725143e49438,0a4fe44c4700ee0263551736ea3e5c74,22715,rio de janeiro,RJ
f962bd6ee98fa707c3e2eb532bab37b0,0e52335ca066271c324be8289cae3251,26298,nova iguacu,RJ
235dc25ef3e9ce5f942681ad165b673d,7675e77d9cf89747d832a15a67b9a4af,86801,apucarana,PR
927f0faa2744e1cdf9e41f695584615a,3e83bc4de5571b60dc331cf087920207,39665,carbonita,MG
500d19ce7db9f10540bb6a251379cc6f,ee14b494d75d6bfdfb18c3456f37ee2f,58035,joao pessoa,PB
cdeae9bb83dc9049458f53e9d69251ec,c198e769b7fac14f57905d5384eb9392,95500,santo antonio da patrulha,RS
8ee18779cf374be7b2bebc957901b9cd,f5374a3252629ff1494472bb4b2bf68c,31155,belo horizonte,MG
92b3d4d2f79520dcb1433a7be39499fc,bd0f8d6b6bc185debdf79f91ba30fdc6,05020,sao paulo,SP
1da1ddb93496c573aa47b5c21d5107f1,5c409570b00bdc3524ba591eaf6ac959,18725,holambra ii,SP
9f8a7c7f427769d962c96e719c332bef,bf9d60c2fb1a8b2734313b9b6e211668,86010,londrina,PR
81b3290979f53b17749b77be9fc82279,dd120ea6d48fa2021d595b2bc4cf9be8,38900,bambui,MG
6001d6a937026758eac868ce5ed16148,81bee27acd561903193b1ecb95ed9491,04364,sao paulo,SP
0c908dcc7f29807856cfd37265b8c938,9cfb0de54a4a9daa8aca4ffea86a82bc,30350,belo horizonte,MG
3465815678642fddd150c74f20f98f0e,22f845998f64187faf181b128bf035fb,84940,siqueira campos,PR
df27b2625974afb5aea8a397df992f86,6cd6d501d0296f00b5e3048e6e6bf173,04514,sao paulo,SP
96d41aa0f34b498afb810a4e4a583e8f,124b3a12b5b76c21e99e41cf03104fa1,18130,sao roque,SP
df2660497087c34c3d0125f7c252a62c,23514d2198beeaa0c6cae93f7bcece4f,37460,passa quatro,MG
d5829f079749e461df4192bdb5731e8d,7a419f9cf17024d9fef03ec1cc390312,07082,guarulhos,SP
94fa5fb873b594639bd9eb8ebb2bbe8a,9c7e78f00bcba203b8a9d4fc5be7fb72,45600,itabuna,BA
8c555e6b3106e278f1c88251226cdb48,39e99ddb5ae1904f14cf42243a6641d4,93510,novo hamburgo,RS
bdb02eddf9e1223ae4fa0cbe08f89cbf,03f8ce51dcb4f7cf0d752feefea266c9,08451,sao paulo,SP
91ff3b136fe639257e936a20b549dea0,6be30fc9234582d9dfdbe8fa06f0d44e,39205,tres marias,MG
ca17d4fd424a130fa7a57e5465939eb1,0802a1a217680f13264a70ddb7220823,16205,birigui,SP
efc8da928ca055916a38bf09425cae3d,3b0d58daf2b91eea11f5c5972b872e32,35950,alvinopolis,MG
a4cb414bd1f91cefa16426dcd559af69,bb656d3186549f19907809e754fb6645,28022,campos dos goytacazes,RJ
8e8100cecf5d8edee177276a3006d02a,89631ddb66cd1a9e4230b70178c37e2d,02044,sao paulo,SP
a62e891e73a1412941a1ec16d02e1bf6,ab3a48d770989fba9cb833512034f865,15093,sao jose do rio preto,SP
a86f4da27da046cfe243ffb26f3ccfa4,10c6d7016b3248e3d1be1aa917f8909e,35420,mariana,MG
5837b288ad076175ff451a905d6153f9,4619a0062095f6d6946a97ae46be4782,04327,sao paulo,SP
a3b5428226ad4c042fed1da12cb6e683,7b54abb82fa7a9449a994861ca81c0a4,38046,uberaba,MG
3a8331c2730ad7283201bf2eb3a52ab0,d6fe0845b14ea38eb92ce001c72c91f1,13273,valinhos,SP
6bbda3b9328f07ebded997016a198c4c,a22320fc36bfc878c1d808103a481dda,30280,belo horizonte,MG
7bea077aae57157afa56bacc3852f1f7,d38d6803824069cf70489ba677684259,09341,maua,SP
56f1622201c6d8b17b1bc57367841538,2dcbfb99d95c7ba6eb992a98627f45b8,04890,sao paulo,SP
f797b305ff4fc7689400509ea249468a,14b68d0b81f6680447a944c87295b81b,96745,charqueadas,RS
7d0a76e4b14a9ca33d51eb09db9f92cd,f4ecf73dc97b08307cd85c109e491fa1,20950,rio de janeiro,RJ
d127a44d04cb62dc42601454eba26be4,42187574c3dbef60799c8b585bc3d340,95555,capao da canoa,RS
9ee50c5ffc022a4e663f5d4af3de3d75,cf36fa9b6e276c0559a4e80cf5ab44eb,36660,alem paraiba,MG
85e495405c453c08537f1eaf6aa7fa5d,0674169a201c443d7de5c3641279dab9,02618,sao paulo,SP
da7d957a36ea44a3b6dc9531d2e83148,6967046ccb04a0d6b57f4760f6048d18,24220,niteroi,RJ
6b414ea1698537945c2070bb0869405f,c73b0203a120cb84150c050d60ecf52f,09510,sao caetano do sul,SP
7560d4eee6f467533295c86137bb4c34,fcfb5ff1df62cbee0462e5414f668163,12211,sao jose dos campos,SP
55a52a925384404b4e57b82938bf6062,0fff4016f4008007ba2bb7d63ebae39d,08780,mogi das cruzes,SP
2e8e0bf9b784fb7069b6705ec26b0c87,50f0cd4b360ce6c7027e4a7055592d36,65054,sao luis,MA
defb33f2396ced51448688aefdf54dd2,726efa68c78ed87d7b03cdcc051bd4dc,11750,peruibe,SP
a8a9eb2da818e0762d118ed75a228e0f,d6ee2811b25308e639d9f1e06e783d1c,81570,curitiba,PR
092ad782532d523d228cc922f044ef7a,9e663beb35e5b7bbe980b5768dbf0898,19400,presidente venceslau,SP
6a65b5d6d4f4c9dfda93798cf014ee47,5b66137675c164a7df3b639bf1e86134,03959,sao paulo,SP
a24c81f5fecf3ffa0229b20a87ff1166,69bd478104998670e8c4881bd3bc2cc1,84062,ponta grossa,PR
33ecb8be5f6e1620440c60711fc34c02,2c07381b6d9aef0d1624dd670ec70bee,05544,sao paulo,SP
